"LOCATION","INDICATOR","SUBJECT","MEASURE","FREQUENCY","TIME","Value","Flag Codes"
"AUS","HEALTHEXP","TOT","USD_CAP","A","1971",223.592,
"AUS","HEALTHEXP","TOT","USD_CAP","A","1972",239.1784,
"AUS","HEALTHEXP","TOT","USD_CAP","A","1973",264.0303,
"AUS","HEALTHEXP","TOT","USD_CAP","A","1974",322.3286,
"AUS","HEALTHEXP","TOT","USD_CAP","A","1975",401.8512,
"AUS","HEALTHEXP","TOT","USD_CAP","A","1976",430.061,
"AUS","HEALTHEXP","TOT","USD_CAP","A","1977",472.8991,
"AUS","HEALTHEXP","TOT","USD_CAP","A","1978",510.7161,
"AUS","HEALTHEXP","TOT","USD_CAP","A","1979",554.7626,
"AUS","HEALTHEXP","TOT","USD_CAP","A","1980",615.7256,
"AUS","HEALTHEXP","TOT","USD_CAP","A","1981",697.3706,
"AUS","HEALTHEXP","TOT","USD_CAP","A","1982",731.9027,
"AUS","HEALTHEXP","TOT","USD_CAP","A","1983",773.4711,
"AUS","HEALTHEXP","TOT","USD_CAP","A","1984",817.2866,
"AUS","HEALTHEXP","TOT","USD_CAP","A","1985",881.2391,
"AUS","HEALTHEXP","TOT","USD_CAP","A","1986",941.1635,
"AUS","HEALTHEXP","TOT","USD_CAP","A","1987",981.6215,
"AUS","HEALTHEXP","TOT","USD_CAP","A","1988",1039.8854,
"AUS","HEALTHEXP","TOT","USD_CAP","A","1989",1091.3294,
"AUS","HEALTHEXP","TOT","USD_CAP","A","1990",1154.0445,
"AUS","HEALTHEXP","TOT","USD_CAP","A","1991",1229.3906,
"AUS","HEALTHEXP","TOT","USD_CAP","A","1992",1307.222,
"AUS","HEALTHEXP","TOT","USD_CAP","A","1993",1381.1135,
"AUS","HEALTHEXP","TOT","USD_CAP","A","1994",1470.8096,
"AUS","HEALTHEXP","TOT","USD_CAP","A","1995",1554.7982,
"AUS","HEALTHEXP","TOT","USD_CAP","A","1996",1645.0156,
"AUS","HEALTHEXP","TOT","USD_CAP","A","1997",1730.7444,
"AUS","HEALTHEXP","TOT","USD_CAP","A","1998",1858.2922,"D"
"AUS","HEALTHEXP","TOT","USD_CAP","A","1999",1986.4928,"D"
"AUS","HEALTHEXP","TOT","USD_CAP","A","2000",2156.808,"D"
"AUS","HEALTHEXP","TOT","USD_CAP","A","2001",2271.4553,"D"
"AUS","HEALTHEXP","TOT","USD_CAP","A","2002",2426.4793,"D"
"AUS","HEALTHEXP","TOT","USD_CAP","A","2003",2546.2803,"D"
"AUS","HEALTHEXP","TOT","USD_CAP","A","2004",2745.6316,"D"
"AUS","HEALTHEXP","TOT","USD_CAP","A","2005",2842.1321,"D"
"AUS","HEALTHEXP","TOT","USD_CAP","A","2006",3023.0978,"D"
"AUS","HEALTHEXP","TOT","USD_CAP","A","2007",3196.226,"D"
"AUS","HEALTHEXP","TOT","USD_CAP","A","2008",3310.1708,"D"
"AUS","HEALTHEXP","TOT","USD_CAP","A","2009",3564.4049,"D"
"AUS","HEALTHEXP","TOT","USD_CAP","A","2010",3607.3407,"D"
"AUS","HEALTHEXP","TOT","USD_CAP","A","2011",3794.0874,"D"
"AUS","HEALTHEXP","TOT","USD_CAP","A","2012",3807.6819,"D"
"AUS","HEALTHEXP","TOT","USD_CAP","A","2013",4176.853,"D"
"AUS","HEALTHEXP","TOT","USD_CAP","A","2014",4206.8516,
"AUS","HEALTHEXP","TOT","USD_CAP","A","2015",4420.4364,
"AUT","HEALTHEXP","TOT","USD_CAP","A","1970",186.3145,
"AUT","HEALTHEXP","TOT","USD_CAP","A","1971",201.9619,
"AUT","HEALTHEXP","TOT","USD_CAP","A","1972",222.2858,
"AUT","HEALTHEXP","TOT","USD_CAP","A","1973",249.2017,
"AUT","HEALTHEXP","TOT","USD_CAP","A","1974",295.0659,
"AUT","HEALTHEXP","TOT","USD_CAP","A","1975",412.0627,
"AUT","HEALTHEXP","TOT","USD_CAP","A","1976",471.7179,
"AUT","HEALTHEXP","TOT","USD_CAP","A","1977",521.641,
"AUT","HEALTHEXP","TOT","USD_CAP","A","1978",579.8399,
"AUT","HEALTHEXP","TOT","USD_CAP","A","1979",660.0909,
"AUT","HEALTHEXP","TOT","USD_CAP","A","1980",742.5189,
"AUT","HEALTHEXP","TOT","USD_CAP","A","1981",693.6662,
"AUT","HEALTHEXP","TOT","USD_CAP","A","1982",747.8722,
"AUT","HEALTHEXP","TOT","USD_CAP","A","1983",779.4923,
"AUT","HEALTHEXP","TOT","USD_CAP","A","1984",814.0641,
"AUT","HEALTHEXP","TOT","USD_CAP","A","1985",879.5659,
"AUT","HEALTHEXP","TOT","USD_CAP","A","1986",933.7634,
"AUT","HEALTHEXP","TOT","USD_CAP","A","1987",1015.9254,
"AUT","HEALTHEXP","TOT","USD_CAP","A","1988",1083.2472,
"AUT","HEALTHEXP","TOT","USD_CAP","A","1989",1189.9067,
"AUT","HEALTHEXP","TOT","USD_CAP","A","1990",1507.933,"B"
"AUT","HEALTHEXP","TOT","USD_CAP","A","1991",1608.9806,
"AUT","HEALTHEXP","TOT","USD_CAP","A","1992",1724.7343,
"AUT","HEALTHEXP","TOT","USD_CAP","A","1993",1874.6122,
"AUT","HEALTHEXP","TOT","USD_CAP","A","1994",2041.3374,
"AUT","HEALTHEXP","TOT","USD_CAP","A","1995",2120.4786,
"AUT","HEALTHEXP","TOT","USD_CAP","A","1996",2188.0253,
"AUT","HEALTHEXP","TOT","USD_CAP","A","1997",2298.8535,
"AUT","HEALTHEXP","TOT","USD_CAP","A","1998",2452.2438,
"AUT","HEALTHEXP","TOT","USD_CAP","A","1999",2587.061,
"AUT","HEALTHEXP","TOT","USD_CAP","A","2000",2726.4305,
"AUT","HEALTHEXP","TOT","USD_CAP","A","2001",2772.9361,
"AUT","HEALTHEXP","TOT","USD_CAP","A","2002",2942.5631,
"AUT","HEALTHEXP","TOT","USD_CAP","A","2003",3085.9336,
"AUT","HEALTHEXP","TOT","USD_CAP","A","2004",3260.8522,
"AUT","HEALTHEXP","TOT","USD_CAP","A","2005",3324.0795,
"AUT","HEALTHEXP","TOT","USD_CAP","A","2006",3567.6495,
"AUT","HEALTHEXP","TOT","USD_CAP","A","2007",3718.739,
"AUT","HEALTHEXP","TOT","USD_CAP","A","2008",3964.8495,
"AUT","HEALTHEXP","TOT","USD_CAP","A","2009",4119.7452,
"AUT","HEALTHEXP","TOT","USD_CAP","A","2010",4236.3164,
"AUT","HEALTHEXP","TOT","USD_CAP","A","2011",4362.3426,
"AUT","HEALTHEXP","TOT","USD_CAP","A","2012",4646.4365,
"AUT","HEALTHEXP","TOT","USD_CAP","A","2013",4806.3934,
"AUT","HEALTHEXP","TOT","USD_CAP","A","2014",4895.9992,
"AUT","HEALTHEXP","TOT","USD_CAP","A","2015",5015.6372,"E"
"BEL","HEALTHEXP","TOT","USD_CAP","A","1970",151.4503,"D"
"BEL","HEALTHEXP","TOT","USD_CAP","A","1971",168.5058,"D"
"BEL","HEALTHEXP","TOT","USD_CAP","A","1972",191.5558,"D"
"BEL","HEALTHEXP","TOT","USD_CAP","A","1973",228.2962,"D"
"BEL","HEALTHEXP","TOT","USD_CAP","A","1974",262.2699,"D"
"BEL","HEALTHEXP","TOT","USD_CAP","A","1975",352.0285,"D"
"BEL","HEALTHEXP","TOT","USD_CAP","A","1976",406.3051,"D"
"BEL","HEALTHEXP","TOT","USD_CAP","A","1977",469.1313,"D"
"BEL","HEALTHEXP","TOT","USD_CAP","A","1978",531.6262,"D"
"BEL","HEALTHEXP","TOT","USD_CAP","A","1979",586.8149,"D"
"BEL","HEALTHEXP","TOT","USD_CAP","A","1980",645.0063,"D"
"BEL","HEALTHEXP","TOT","USD_CAP","A","1981",750.4773,"D"
"BEL","HEALTHEXP","TOT","USD_CAP","A","1982",829.7761,"D"
"BEL","HEALTHEXP","TOT","USD_CAP","A","1983",886.4823,"D"
"BEL","HEALTHEXP","TOT","USD_CAP","A","1984",919.2787,"D"
"BEL","HEALTHEXP","TOT","USD_CAP","A","1985",971.0915,"D"
"BEL","HEALTHEXP","TOT","USD_CAP","A","1986",1033.5016,"D"
"BEL","HEALTHEXP","TOT","USD_CAP","A","1987",1099.8816,"D"
"BEL","HEALTHEXP","TOT","USD_CAP","A","1988",1188.2074,"D"
"BEL","HEALTHEXP","TOT","USD_CAP","A","1989",1262.5005,"D"
"BEL","HEALTHEXP","TOT","USD_CAP","A","1990",1354.4443,"D"
"BEL","HEALTHEXP","TOT","USD_CAP","A","1991",1481.8642,"D"
"BEL","HEALTHEXP","TOT","USD_CAP","A","1992",1569.6355,"D"
"BEL","HEALTHEXP","TOT","USD_CAP","A","1993",1611.0269,"D"
"BEL","HEALTHEXP","TOT","USD_CAP","A","1994",1648.9681,"D"
"BEL","HEALTHEXP","TOT","USD_CAP","A","1995",1710.4518,"B"
"BEL","HEALTHEXP","TOT","USD_CAP","A","1996",1804.5439,
"BEL","HEALTHEXP","TOT","USD_CAP","A","1997",1849.8923,
"BEL","HEALTHEXP","TOT","USD_CAP","A","1998",1920.7638,
"BEL","HEALTHEXP","TOT","USD_CAP","A","1999",2047.9187,
"BEL","HEALTHEXP","TOT","USD_CAP","A","2000",2245.8634,
"BEL","HEALTHEXP","TOT","USD_CAP","A","2001",2366.5965,
"BEL","HEALTHEXP","TOT","USD_CAP","A","2002",2542.4562,
"BEL","HEALTHEXP","TOT","USD_CAP","A","2003",2822.6807,"B"
"BEL","HEALTHEXP","TOT","USD_CAP","A","2004",2913.2791,
"BEL","HEALTHEXP","TOT","USD_CAP","A","2005",2985.8089,
"BEL","HEALTHEXP","TOT","USD_CAP","A","2006",3136.9155,
"BEL","HEALTHEXP","TOT","USD_CAP","A","2007",3286.2254,
"BEL","HEALTHEXP","TOT","USD_CAP","A","2008",3542.3542,
"BEL","HEALTHEXP","TOT","USD_CAP","A","2009",3804.7643,
"BEL","HEALTHEXP","TOT","USD_CAP","A","2010",3901.9126,
"BEL","HEALTHEXP","TOT","USD_CAP","A","2011",4132.3109,
"BEL","HEALTHEXP","TOT","USD_CAP","A","2012",4286.4123,
"BEL","HEALTHEXP","TOT","USD_CAP","A","2013",4485.4804,
"BEL","HEALTHEXP","TOT","USD_CAP","A","2014",4522.045,
"BEL","HEALTHEXP","TOT","USD_CAP","A","2015",4611.2518,"E"
"CAN","HEALTHEXP","TOT","USD_CAP","A","1970",287.4771,
"CAN","HEALTHEXP","TOT","USD_CAP","A","1971",324.0512,
"CAN","HEALTHEXP","TOT","USD_CAP","A","1972",347.9395,
"CAN","HEALTHEXP","TOT","USD_CAP","A","1973",368.6198,
"CAN","HEALTHEXP","TOT","USD_CAP","A","1974",403.0845,
"CAN","HEALTHEXP","TOT","USD_CAP","A","1975",474.4168,"B"
"CAN","HEALTHEXP","TOT","USD_CAP","A","1976",522.4715,
"CAN","HEALTHEXP","TOT","USD_CAP","A","1977",565.5264,
"CAN","HEALTHEXP","TOT","USD_CAP","A","1978",620.3476,
"CAN","HEALTHEXP","TOT","USD_CAP","A","1979",678.4152,
"CAN","HEALTHEXP","TOT","USD_CAP","A","1980",766.2398,
"CAN","HEALTHEXP","TOT","USD_CAP","A","1981",882.5133,
"CAN","HEALTHEXP","TOT","USD_CAP","A","1982",993.885,
"CAN","HEALTHEXP","TOT","USD_CAP","A","1983",1073.7424,
"CAN","HEALTHEXP","TOT","USD_CAP","A","1984",1149.5639,
"CAN","HEALTHEXP","TOT","USD_CAP","A","1985",1232.7336,
"CAN","HEALTHEXP","TOT","USD_CAP","A","1986",1312.9797,
"CAN","HEALTHEXP","TOT","USD_CAP","A","1987",1372.9816,
"CAN","HEALTHEXP","TOT","USD_CAP","A","1988",1464.7584,
"CAN","HEALTHEXP","TOT","USD_CAP","A","1989",1570.801,
"CAN","HEALTHEXP","TOT","USD_CAP","A","1990",1691.9502,
"CAN","HEALTHEXP","TOT","USD_CAP","A","1991",1828.6897,
"CAN","HEALTHEXP","TOT","USD_CAP","A","1992",1916.4154,
"CAN","HEALTHEXP","TOT","USD_CAP","A","1993",1966.955,
"CAN","HEALTHEXP","TOT","USD_CAP","A","1994",1997.0656,
"CAN","HEALTHEXP","TOT","USD_CAP","A","1995",2001.2318,
"CAN","HEALTHEXP","TOT","USD_CAP","A","1996",2001.8672,
"CAN","HEALTHEXP","TOT","USD_CAP","A","1997",2097.9041,
"CAN","HEALTHEXP","TOT","USD_CAP","A","1998",2245.9346,
"CAN","HEALTHEXP","TOT","USD_CAP","A","1999",2318.9571,
"CAN","HEALTHEXP","TOT","USD_CAP","A","2000",2422.0817,
"CAN","HEALTHEXP","TOT","USD_CAP","A","2001",2609.2285,
"CAN","HEALTHEXP","TOT","USD_CAP","A","2002",2742.4513,
"CAN","HEALTHEXP","TOT","USD_CAP","A","2003",2913.6997,
"CAN","HEALTHEXP","TOT","USD_CAP","A","2004",3076.0005,
"CAN","HEALTHEXP","TOT","USD_CAP","A","2005",3282.4541,
"CAN","HEALTHEXP","TOT","USD_CAP","A","2006",3505.0061,
"CAN","HEALTHEXP","TOT","USD_CAP","A","2007",3675.4766,
"CAN","HEALTHEXP","TOT","USD_CAP","A","2008",3822.6386,
"CAN","HEALTHEXP","TOT","USD_CAP","A","2009",4108.7578,
"CAN","HEALTHEXP","TOT","USD_CAP","A","2010",4242.3395,
"CAN","HEALTHEXP","TOT","USD_CAP","A","2011",4263.4169,
"CAN","HEALTHEXP","TOT","USD_CAP","A","2012",4319.9434,
"CAN","HEALTHEXP","TOT","USD_CAP","A","2013",4502.7427,
"CAN","HEALTHEXP","TOT","USD_CAP","A","2014",4491.7648,"P"
"CAN","HEALTHEXP","TOT","USD_CAP","A","2015",4608.4522,"P"
"CZE","HEALTHEXP","TOT","USD_CAP","A","1990",476.9631,
"CZE","HEALTHEXP","TOT","USD_CAP","A","1991",452.5691,
"CZE","HEALTHEXP","TOT","USD_CAP","A","1992",474.7148,
"CZE","HEALTHEXP","TOT","USD_CAP","A","1993",650.6677,
"CZE","HEALTHEXP","TOT","USD_CAP","A","1994",704.2931,
"CZE","HEALTHEXP","TOT","USD_CAP","A","1995",795.1116,"B"
"CZE","HEALTHEXP","TOT","USD_CAP","A","1996",827.8918,
"CZE","HEALTHEXP","TOT","USD_CAP","A","1997",841.0002,
"CZE","HEALTHEXP","TOT","USD_CAP","A","1998",842.7366,
"CZE","HEALTHEXP","TOT","USD_CAP","A","1999",893.9575,
"CZE","HEALTHEXP","TOT","USD_CAP","A","2000",933.6127,"B"
"CZE","HEALTHEXP","TOT","USD_CAP","A","2001",1041.4699,
"CZE","HEALTHEXP","TOT","USD_CAP","A","2002",1138.5076,
"CZE","HEALTHEXP","TOT","USD_CAP","A","2003",1289.5129,"B"
"CZE","HEALTHEXP","TOT","USD_CAP","A","2004",1342.0659,
"CZE","HEALTHEXP","TOT","USD_CAP","A","2005",1425.1388,
"CZE","HEALTHEXP","TOT","USD_CAP","A","2006",1514.1975,
"CZE","HEALTHEXP","TOT","USD_CAP","A","2007",1608.5877,
"CZE","HEALTHEXP","TOT","USD_CAP","A","2008",1727.9885,
"CZE","HEALTHEXP","TOT","USD_CAP","A","2009",1974.0369,
"CZE","HEALTHEXP","TOT","USD_CAP","A","2010",1879.5815,
"CZE","HEALTHEXP","TOT","USD_CAP","A","2011",2001.2635,
"CZE","HEALTHEXP","TOT","USD_CAP","A","2012",2028.2657,
"CZE","HEALTHEXP","TOT","USD_CAP","A","2013",2330.4702,"B"
"CZE","HEALTHEXP","TOT","USD_CAP","A","2014",2386.3385,
"CZE","HEALTHEXP","TOT","USD_CAP","A","2015",2463.6704,"E"
"DNK","HEALTHEXP","TOT","USD_CAP","A","1971",364.5805,"D"
"DNK","HEALTHEXP","TOT","USD_CAP","A","1972",397.7483,"D"
"DNK","HEALTHEXP","TOT","USD_CAP","A","1973",421.208,"D"
"DNK","HEALTHEXP","TOT","USD_CAP","A","1974",494.7508,"D"
"DNK","HEALTHEXP","TOT","USD_CAP","A","1975",547.0066,"D"
"DNK","HEALTHEXP","TOT","USD_CAP","A","1976",602.9201,"D"
"DNK","HEALTHEXP","TOT","USD_CAP","A","1977",635.8864,"D"
"DNK","HEALTHEXP","TOT","USD_CAP","A","1978",703.1093,"D"
"DNK","HEALTHEXP","TOT","USD_CAP","A","1979",797.9974,"D"
"DNK","HEALTHEXP","TOT","USD_CAP","A","1980",861.222,
"DNK","HEALTHEXP","TOT","USD_CAP","A","1981",955.3799,
"DNK","HEALTHEXP","TOT","USD_CAP","A","1982",1059.2843,
"DNK","HEALTHEXP","TOT","USD_CAP","A","1983",1103.22,
"DNK","HEALTHEXP","TOT","USD_CAP","A","1984",1127.0169,
"DNK","HEALTHEXP","TOT","USD_CAP","A","1985",1205.5467,
"DNK","HEALTHEXP","TOT","USD_CAP","A","1986",1249.5682,
"DNK","HEALTHEXP","TOT","USD_CAP","A","1987",1335.6857,
"DNK","HEALTHEXP","TOT","USD_CAP","A","1988",1405.2498,
"DNK","HEALTHEXP","TOT","USD_CAP","A","1989",1445.2483,
"DNK","HEALTHEXP","TOT","USD_CAP","A","1990",1510.6198,
"DNK","HEALTHEXP","TOT","USD_CAP","A","1991",1559.0867,
"DNK","HEALTHEXP","TOT","USD_CAP","A","1992",1623.3337,
"DNK","HEALTHEXP","TOT","USD_CAP","A","1993",1724.5152,
"DNK","HEALTHEXP","TOT","USD_CAP","A","1994",1802.2229,
"DNK","HEALTHEXP","TOT","USD_CAP","A","1995",1814.5633,
"DNK","HEALTHEXP","TOT","USD_CAP","A","1996",1916.8516,
"DNK","HEALTHEXP","TOT","USD_CAP","A","1997",1990.2833,
"DNK","HEALTHEXP","TOT","USD_CAP","A","1998",2009.4111,
"DNK","HEALTHEXP","TOT","USD_CAP","A","1999",2297.6172,
"DNK","HEALTHEXP","TOT","USD_CAP","A","2000",2395.5167,
"DNK","HEALTHEXP","TOT","USD_CAP","A","2001",2555.382,
"DNK","HEALTHEXP","TOT","USD_CAP","A","2002",2749.7927,
"DNK","HEALTHEXP","TOT","USD_CAP","A","2003",2784.0652,"B"
"DNK","HEALTHEXP","TOT","USD_CAP","A","2004",2986.9486,
"DNK","HEALTHEXP","TOT","USD_CAP","A","2005",3096.9831,
"DNK","HEALTHEXP","TOT","USD_CAP","A","2006",3406.8102,
"DNK","HEALTHEXP","TOT","USD_CAP","A","2007",3605.2153,
"DNK","HEALTHEXP","TOT","USD_CAP","A","2008",3892.7375,
"DNK","HEALTHEXP","TOT","USD_CAP","A","2009",4247.8819,
"DNK","HEALTHEXP","TOT","USD_CAP","A","2010",4370.3331,
"DNK","HEALTHEXP","TOT","USD_CAP","A","2011",4430.6885,
"DNK","HEALTHEXP","TOT","USD_CAP","A","2012",4544.8568,
"DNK","HEALTHEXP","TOT","USD_CAP","A","2013",4708.1321,
"DNK","HEALTHEXP","TOT","USD_CAP","A","2014",4857.0285,"B"
"DNK","HEALTHEXP","TOT","USD_CAP","A","2015",4942.8001,"E"
"FIN","HEALTHEXP","TOT","USD_CAP","A","1970",166.9996,
"FIN","HEALTHEXP","TOT","USD_CAP","A","1971",190.1923,
"FIN","HEALTHEXP","TOT","USD_CAP","A","1972",216.3275,
"FIN","HEALTHEXP","TOT","USD_CAP","A","1973",235.8708,
"FIN","HEALTHEXP","TOT","USD_CAP","A","1974",260.8435,
"FIN","HEALTHEXP","TOT","USD_CAP","A","1975",315.7781,
"FIN","HEALTHEXP","TOT","USD_CAP","A","1976",353.2043,
"FIN","HEALTHEXP","TOT","USD_CAP","A","1977",387.709,
"FIN","HEALTHEXP","TOT","USD_CAP","A","1978",421.6848,
"FIN","HEALTHEXP","TOT","USD_CAP","A","1979",476.0903,
"FIN","HEALTHEXP","TOT","USD_CAP","A","1980",538.641,
"FIN","HEALTHEXP","TOT","USD_CAP","A","1981",606.4913,
"FIN","HEALTHEXP","TOT","USD_CAP","A","1982",670.5173,
"FIN","HEALTHEXP","TOT","USD_CAP","A","1983",724.6794,
"FIN","HEALTHEXP","TOT","USD_CAP","A","1984",775.8805,
"FIN","HEALTHEXP","TOT","USD_CAP","A","1985",877.3167,
"FIN","HEALTHEXP","TOT","USD_CAP","A","1986",930.1548,
"FIN","HEALTHEXP","TOT","USD_CAP","A","1987",1005.4197,
"FIN","HEALTHEXP","TOT","USD_CAP","A","1988",1061.1596,
"FIN","HEALTHEXP","TOT","USD_CAP","A","1989",1161.1685,
"FIN","HEALTHEXP","TOT","USD_CAP","A","1990",1297.9226,
"FIN","HEALTHEXP","TOT","USD_CAP","A","1991",1439.3798,
"FIN","HEALTHEXP","TOT","USD_CAP","A","1992",1449.2851,
"FIN","HEALTHEXP","TOT","USD_CAP","A","1993",1347.9213,"B"
"FIN","HEALTHEXP","TOT","USD_CAP","A","1994",1325.3603,
"FIN","HEALTHEXP","TOT","USD_CAP","A","1995",1418.182,
"FIN","HEALTHEXP","TOT","USD_CAP","A","1996",1481.5893,
"FIN","HEALTHEXP","TOT","USD_CAP","A","1997",1538.6158,
"FIN","HEALTHEXP","TOT","USD_CAP","A","1998",1587.6046,
"FIN","HEALTHEXP","TOT","USD_CAP","A","1999",1665.5525,
"FIN","HEALTHEXP","TOT","USD_CAP","A","2000",1816.4327,"B"
"FIN","HEALTHEXP","TOT","USD_CAP","A","2001",1930.9554,
"FIN","HEALTHEXP","TOT","USD_CAP","A","2002",2100.2576,
"FIN","HEALTHEXP","TOT","USD_CAP","A","2003",2219.4643,
"FIN","HEALTHEXP","TOT","USD_CAP","A","2004",2432.1462,
"FIN","HEALTHEXP","TOT","USD_CAP","A","2005",2571.3738,
"FIN","HEALTHEXP","TOT","USD_CAP","A","2006",2768.6527,
"FIN","HEALTHEXP","TOT","USD_CAP","A","2007",2941.9571,
"FIN","HEALTHEXP","TOT","USD_CAP","A","2008",3218.1337,
"FIN","HEALTHEXP","TOT","USD_CAP","A","2009",3336.3316,
"FIN","HEALTHEXP","TOT","USD_CAP","A","2010",3403.1108,
"FIN","HEALTHEXP","TOT","USD_CAP","A","2011",3605.807,
"FIN","HEALTHEXP","TOT","USD_CAP","A","2012",3758.9973,
"FIN","HEALTHEXP","TOT","USD_CAP","A","2013",3890.7877,
"FIN","HEALTHEXP","TOT","USD_CAP","A","2014",3870.4,
"FIN","HEALTHEXP","TOT","USD_CAP","A","2015",3983.5431,"P"
"FRA","HEALTHEXP","TOT","USD_CAP","A","1970",191.8218,
"FRA","HEALTHEXP","TOT","USD_CAP","A","1975",362.5645,
"FRA","HEALTHEXP","TOT","USD_CAP","A","1980",649.5386,
"FRA","HEALTHEXP","TOT","USD_CAP","A","1985",1004.0484,
"FRA","HEALTHEXP","TOT","USD_CAP","A","1990",1401.3391,
"FRA","HEALTHEXP","TOT","USD_CAP","A","1991",1496.4002,
"FRA","HEALTHEXP","TOT","USD_CAP","A","1992",1589.4552,
"FRA","HEALTHEXP","TOT","USD_CAP","A","1993",1688.2812,
"FRA","HEALTHEXP","TOT","USD_CAP","A","1994",1755.1099,
"FRA","HEALTHEXP","TOT","USD_CAP","A","1995",2037.6149,"B"
"FRA","HEALTHEXP","TOT","USD_CAP","A","1996",2097.941,
"FRA","HEALTHEXP","TOT","USD_CAP","A","1997",2162.0783,
"FRA","HEALTHEXP","TOT","USD_CAP","A","1998",2246.3048,
"FRA","HEALTHEXP","TOT","USD_CAP","A","1999",2336.1787,
"FRA","HEALTHEXP","TOT","USD_CAP","A","2000",2484.1715,
"FRA","HEALTHEXP","TOT","USD_CAP","A","2001",2657.6867,
"FRA","HEALTHEXP","TOT","USD_CAP","A","2002",2852.5993,
"FRA","HEALTHEXP","TOT","USD_CAP","A","2003",2828.4727,"B"
"FRA","HEALTHEXP","TOT","USD_CAP","A","2004",2946.9832,
"FRA","HEALTHEXP","TOT","USD_CAP","A","2005",3100.9237,
"FRA","HEALTHEXP","TOT","USD_CAP","A","2006",3253.9671,"B"
"FRA","HEALTHEXP","TOT","USD_CAP","A","2007",3407.1091,
"FRA","HEALTHEXP","TOT","USD_CAP","A","2008",3562.5456,
"FRA","HEALTHEXP","TOT","USD_CAP","A","2009",3774.2044,
"FRA","HEALTHEXP","TOT","USD_CAP","A","2010",3859.5252,
"FRA","HEALTHEXP","TOT","USD_CAP","A","2011",4010.3139,
"FRA","HEALTHEXP","TOT","USD_CAP","A","2012",4062.9108,
"FRA","HEALTHEXP","TOT","USD_CAP","A","2013",4292.1762,
"FRA","HEALTHEXP","TOT","USD_CAP","A","2014",4366.9864,
"FRA","HEALTHEXP","TOT","USD_CAP","A","2015",4407.2035,"E"
"DEU","HEALTHEXP","TOT","USD_CAP","A","1970",258.1594,
"DEU","HEALTHEXP","TOT","USD_CAP","A","1971",302.1459,
"DEU","HEALTHEXP","TOT","USD_CAP","A","1972",343.7003,
"DEU","HEALTHEXP","TOT","USD_CAP","A","1973",396.4314,
"DEU","HEALTHEXP","TOT","USD_CAP","A","1974",468.7214,
"DEU","HEALTHEXP","TOT","USD_CAP","A","1975",555.566,
"DEU","HEALTHEXP","TOT","USD_CAP","A","1976",619.4491,
"DEU","HEALTHEXP","TOT","USD_CAP","A","1977",675.8422,
"DEU","HEALTHEXP","TOT","USD_CAP","A","1978",752.8158,
"DEU","HEALTHEXP","TOT","USD_CAP","A","1979",832.6286,
"DEU","HEALTHEXP","TOT","USD_CAP","A","1980",941.1213,
"DEU","HEALTHEXP","TOT","USD_CAP","A","1981",1070.3393,
"DEU","HEALTHEXP","TOT","USD_CAP","A","1982",1110.4089,
"DEU","HEALTHEXP","TOT","USD_CAP","A","1983",1175.1552,
"DEU","HEALTHEXP","TOT","USD_CAP","A","1984",1274.0643,
"DEU","HEALTHEXP","TOT","USD_CAP","A","1985",1372.0026,
"DEU","HEALTHEXP","TOT","USD_CAP","A","1986",1412.8683,
"DEU","HEALTHEXP","TOT","USD_CAP","A","1987",1484.8339,
"DEU","HEALTHEXP","TOT","USD_CAP","A","1988",1620.0093,
"DEU","HEALTHEXP","TOT","USD_CAP","A","1989",1609.1452,
"DEU","HEALTHEXP","TOT","USD_CAP","A","1990",1721.5143,
"DEU","HEALTHEXP","TOT","USD_CAP","A","1992",1907.9949,"B"
"DEU","HEALTHEXP","TOT","USD_CAP","A","1993",1915.2877,
"DEU","HEALTHEXP","TOT","USD_CAP","A","1994",2049.6612,
"DEU","HEALTHEXP","TOT","USD_CAP","A","1995",2185.1405,
"DEU","HEALTHEXP","TOT","USD_CAP","A","1996",2312.0275,
"DEU","HEALTHEXP","TOT","USD_CAP","A","1997",2335.1543,
"DEU","HEALTHEXP","TOT","USD_CAP","A","1998",2405.8643,
"DEU","HEALTHEXP","TOT","USD_CAP","A","1999",2512.7486,
"DEU","HEALTHEXP","TOT","USD_CAP","A","2000",2612.5703,
"DEU","HEALTHEXP","TOT","USD_CAP","A","2001",2730.1828,
"DEU","HEALTHEXP","TOT","USD_CAP","A","2002",2869.9629,
"DEU","HEALTHEXP","TOT","USD_CAP","A","2003",3033.0953,
"DEU","HEALTHEXP","TOT","USD_CAP","A","2004",3099.7712,
"DEU","HEALTHEXP","TOT","USD_CAP","A","2005",3297.0591,
"DEU","HEALTHEXP","TOT","USD_CAP","A","2006",3502.6909,
"DEU","HEALTHEXP","TOT","USD_CAP","A","2007",3660.9349,
"DEU","HEALTHEXP","TOT","USD_CAP","A","2008",3901.418,
"DEU","HEALTHEXP","TOT","USD_CAP","A","2009",4130.7969,
"DEU","HEALTHEXP","TOT","USD_CAP","A","2010",4358.6128,
"DEU","HEALTHEXP","TOT","USD_CAP","A","2011",4510.1751,
"DEU","HEALTHEXP","TOT","USD_CAP","A","2012",4694.681,
"DEU","HEALTHEXP","TOT","USD_CAP","A","2013",4921.8139,
"DEU","HEALTHEXP","TOT","USD_CAP","A","2014",5119.2146,
"DEU","HEALTHEXP","TOT","USD_CAP","A","2015",5267.1379,"P"
"GRC","HEALTHEXP","TOT","USD_CAP","A","1988",660.1681,
"GRC","HEALTHEXP","TOT","USD_CAP","A","1989",776.5848,
"GRC","HEALTHEXP","TOT","USD_CAP","A","1990",804.2656,
"GRC","HEALTHEXP","TOT","USD_CAP","A","1991",826.0974,
"GRC","HEALTHEXP","TOT","USD_CAP","A","1992",923.8069,
"GRC","HEALTHEXP","TOT","USD_CAP","A","1993",1038.1708,
"GRC","HEALTHEXP","TOT","USD_CAP","A","1994",1180.6036,
"GRC","HEALTHEXP","TOT","USD_CAP","A","1995",1224.2709,
"GRC","HEALTHEXP","TOT","USD_CAP","A","1996",1263.2468,
"GRC","HEALTHEXP","TOT","USD_CAP","A","1997",1312.5507,
"GRC","HEALTHEXP","TOT","USD_CAP","A","1998",1336.0581,
"GRC","HEALTHEXP","TOT","USD_CAP","A","1999",1417.803,
"GRC","HEALTHEXP","TOT","USD_CAP","A","2000",1396.9074,
"GRC","HEALTHEXP","TOT","USD_CAP","A","2001",1669.485,
"GRC","HEALTHEXP","TOT","USD_CAP","A","2002",1870.597,
"GRC","HEALTHEXP","TOT","USD_CAP","A","2003",1951.7097,
"GRC","HEALTHEXP","TOT","USD_CAP","A","2004",2016.8191,
"GRC","HEALTHEXP","TOT","USD_CAP","A","2005",2284.7933,
"GRC","HEALTHEXP","TOT","USD_CAP","A","2006",2534.7392,
"GRC","HEALTHEXP","TOT","USD_CAP","A","2007",2655.2171,
"GRC","HEALTHEXP","TOT","USD_CAP","A","2008",3040.9909,
"GRC","HEALTHEXP","TOT","USD_CAP","A","2009",2990.8342,"B"
"GRC","HEALTHEXP","TOT","USD_CAP","A","2010",2855.3382,
"GRC","HEALTHEXP","TOT","USD_CAP","A","2011",2520.6318,
"GRC","HEALTHEXP","TOT","USD_CAP","A","2012",2324.2907,
"GRC","HEALTHEXP","TOT","USD_CAP","A","2013",2339.7827,
"GRC","HEALTHEXP","TOT","USD_CAP","A","2014",2220.1065,
"GRC","HEALTHEXP","TOT","USD_CAP","A","2015",2245.3746,"E"
"HUN","HEALTHEXP","TOT","USD_CAP","A","1991",527.1463,
"HUN","HEALTHEXP","TOT","USD_CAP","A","1992",563.0027,
"HUN","HEALTHEXP","TOT","USD_CAP","A","1993",579.1982,
"HUN","HEALTHEXP","TOT","USD_CAP","A","1994",651.6828,
"HUN","HEALTHEXP","TOT","USD_CAP","A","1995",615.7181,
"HUN","HEALTHEXP","TOT","USD_CAP","A","1996",626.6279,
"HUN","HEALTHEXP","TOT","USD_CAP","A","1997",635.5987,
"HUN","HEALTHEXP","TOT","USD_CAP","A","1998",720.3452,"B"
"HUN","HEALTHEXP","TOT","USD_CAP","A","1999",774.2847,
"HUN","HEALTHEXP","TOT","USD_CAP","A","2000",819.9948,
"HUN","HEALTHEXP","TOT","USD_CAP","A","2001",933.1557,
"HUN","HEALTHEXP","TOT","USD_CAP","A","2002",1063.7962,
"HUN","HEALTHEXP","TOT","USD_CAP","A","2003",1274.4898,"B"
"HUN","HEALTHEXP","TOT","USD_CAP","A","2004",1283.0384,
"HUN","HEALTHEXP","TOT","USD_CAP","A","2005",1390.8337,
"HUN","HEALTHEXP","TOT","USD_CAP","A","2006",1463.2271,
"HUN","HEALTHEXP","TOT","USD_CAP","A","2007",1404.1231,
"HUN","HEALTHEXP","TOT","USD_CAP","A","2008",1486.7085,
"HUN","HEALTHEXP","TOT","USD_CAP","A","2009",1521.631,
"HUN","HEALTHEXP","TOT","USD_CAP","A","2010",1632.9071,
"HUN","HEALTHEXP","TOT","USD_CAP","A","2011",1715.3205,
"HUN","HEALTHEXP","TOT","USD_CAP","A","2012",1703.9905,
"HUN","HEALTHEXP","TOT","USD_CAP","A","2013",1755.5419,
"HUN","HEALTHEXP","TOT","USD_CAP","A","2014",1796.6034,
"HUN","HEALTHEXP","TOT","USD_CAP","A","2015",1845.3673,"E"
"ISL","HEALTHEXP","TOT","USD_CAP","A","1970",176.9406,"D"
"ISL","HEALTHEXP","TOT","USD_CAP","A","1971",227.8839,"D"
"ISL","HEALTHEXP","TOT","USD_CAP","A","1972",243.8671,"D"
"ISL","HEALTHEXP","TOT","USD_CAP","A","1973",247.8772,"D"
"ISL","HEALTHEXP","TOT","USD_CAP","A","1974",321.6482,"D"
"ISL","HEALTHEXP","TOT","USD_CAP","A","1975",377.2202,"D"
"ISL","HEALTHEXP","TOT","USD_CAP","A","1976",391.7099,"D"
"ISL","HEALTHEXP","TOT","USD_CAP","A","1977",444.8947,"D"
"ISL","HEALTHEXP","TOT","USD_CAP","A","1978",538.854,"D"
"ISL","HEALTHEXP","TOT","USD_CAP","A","1979",684.5931,"D"
"ISL","HEALTHEXP","TOT","USD_CAP","A","1980",723.158,"B"
"ISL","HEALTHEXP","TOT","USD_CAP","A","1981",832.769,
"ISL","HEALTHEXP","TOT","USD_CAP","A","1982",933.9135,
"ISL","HEALTHEXP","TOT","USD_CAP","A","1983",1027.8413,
"ISL","HEALTHEXP","TOT","USD_CAP","A","1984",1033.6359,
"ISL","HEALTHEXP","TOT","USD_CAP","A","1985",1132.1416,
"ISL","HEALTHEXP","TOT","USD_CAP","A","1986",1300.3055,
"ISL","HEALTHEXP","TOT","USD_CAP","A","1987",1466.4293,
"ISL","HEALTHEXP","TOT","USD_CAP","A","1988",1610.2986,
"ISL","HEALTHEXP","TOT","USD_CAP","A","1989",1619.7326,
"ISL","HEALTHEXP","TOT","USD_CAP","A","1990",1610.2953,
"ISL","HEALTHEXP","TOT","USD_CAP","A","1991",1680.0298,
"ISL","HEALTHEXP","TOT","USD_CAP","A","1992",1683.0547,
"ISL","HEALTHEXP","TOT","USD_CAP","A","1993",1747.6494,
"ISL","HEALTHEXP","TOT","USD_CAP","A","1994",1792.7196,
"ISL","HEALTHEXP","TOT","USD_CAP","A","1995",1851.5667,
"ISL","HEALTHEXP","TOT","USD_CAP","A","1996",1935.7508,
"ISL","HEALTHEXP","TOT","USD_CAP","A","1997",2061.6143,
"ISL","HEALTHEXP","TOT","USD_CAP","A","1998",2410.4274,
"ISL","HEALTHEXP","TOT","USD_CAP","A","1999",2601.1358,
"ISL","HEALTHEXP","TOT","USD_CAP","A","2000",2672.9878,
"ISL","HEALTHEXP","TOT","USD_CAP","A","2001",2783.3467,
"ISL","HEALTHEXP","TOT","USD_CAP","A","2002",3078.4478,
"ISL","HEALTHEXP","TOT","USD_CAP","A","2003",3198.3977,
"ISL","HEALTHEXP","TOT","USD_CAP","A","2004",3339.1786,"D"
"ISL","HEALTHEXP","TOT","USD_CAP","A","2005",3294.4734,"D"
"ISL","HEALTHEXP","TOT","USD_CAP","A","2006",3276.3176,"D"
"ISL","HEALTHEXP","TOT","USD_CAP","A","2007",3375.6701,"D"
"ISL","HEALTHEXP","TOT","USD_CAP","A","2008",3628.0346,"D"
"ISL","HEALTHEXP","TOT","USD_CAP","A","2009",3624.4513,"D"
"ISL","HEALTHEXP","TOT","USD_CAP","A","2010",3405.9865,"D"
"ISL","HEALTHEXP","TOT","USD_CAP","A","2011",3420.6305,"D"
"ISL","HEALTHEXP","TOT","USD_CAP","A","2012",3506.4164,"D"
"ISL","HEALTHEXP","TOT","USD_CAP","A","2013",3739.4503,"D"
"ISL","HEALTHEXP","TOT","USD_CAP","A","2014",3896.9251,"D"
"ISL","HEALTHEXP","TOT","USD_CAP","A","2015",4011.9968,
"IRL","HEALTHEXP","TOT","USD_CAP","A","1970",117.4883,
"IRL","HEALTHEXP","TOT","USD_CAP","A","1971",149.6294,
"IRL","HEALTHEXP","TOT","USD_CAP","A","1972",165.6653,
"IRL","HEALTHEXP","TOT","USD_CAP","A","1973",184.1551,
"IRL","HEALTHEXP","TOT","USD_CAP","A","1974",222.4788,
"IRL","HEALTHEXP","TOT","USD_CAP","A","1975",256.0463,
"IRL","HEALTHEXP","TOT","USD_CAP","A","1976",263.3362,
"IRL","HEALTHEXP","TOT","USD_CAP","A","1977",284.5484,
"IRL","HEALTHEXP","TOT","USD_CAP","A","1978",338.8649,
"IRL","HEALTHEXP","TOT","USD_CAP","A","1979",392.5665,
"IRL","HEALTHEXP","TOT","USD_CAP","A","1980",481.1329,
"IRL","HEALTHEXP","TOT","USD_CAP","A","1981",508.173,
"IRL","HEALTHEXP","TOT","USD_CAP","A","1982",535.7402,
"IRL","HEALTHEXP","TOT","USD_CAP","A","1983",553.5759,
"IRL","HEALTHEXP","TOT","USD_CAP","A","1984",581.0002,
"IRL","HEALTHEXP","TOT","USD_CAP","A","1985",618.6488,
"IRL","HEALTHEXP","TOT","USD_CAP","A","1986",619.5862,
"IRL","HEALTHEXP","TOT","USD_CAP","A","1987",635.8245,
"IRL","HEALTHEXP","TOT","USD_CAP","A","1988",661.7991,
"IRL","HEALTHEXP","TOT","USD_CAP","A","1989",685.567,
"IRL","HEALTHEXP","TOT","USD_CAP","A","1990",750.5787,
"IRL","HEALTHEXP","TOT","USD_CAP","A","1991",849.226,
"IRL","HEALTHEXP","TOT","USD_CAP","A","1992",929.9279,
"IRL","HEALTHEXP","TOT","USD_CAP","A","1993",980.4917,
"IRL","HEALTHEXP","TOT","USD_CAP","A","1994",1037.9826,
"IRL","HEALTHEXP","TOT","USD_CAP","A","1995",1124.7885,
"IRL","HEALTHEXP","TOT","USD_CAP","A","1996",1183.9985,
"IRL","HEALTHEXP","TOT","USD_CAP","A","1997",1291.4988,
"IRL","HEALTHEXP","TOT","USD_CAP","A","1998",1381.3734,
"IRL","HEALTHEXP","TOT","USD_CAP","A","1999",1483.2093,
"IRL","HEALTHEXP","TOT","USD_CAP","A","2000",1749.0146,
"IRL","HEALTHEXP","TOT","USD_CAP","A","2001",2034.3981,
"IRL","HEALTHEXP","TOT","USD_CAP","A","2002",2298.9631,
"IRL","HEALTHEXP","TOT","USD_CAP","A","2003",2520.871,
"IRL","HEALTHEXP","TOT","USD_CAP","A","2004",2755.4185,
"IRL","HEALTHEXP","TOT","USD_CAP","A","2005",3097.1122,
"IRL","HEALTHEXP","TOT","USD_CAP","A","2006",3304.4115,
"IRL","HEALTHEXP","TOT","USD_CAP","A","2007",3649.2954,
"IRL","HEALTHEXP","TOT","USD_CAP","A","2008",4000.7079,
"IRL","HEALTHEXP","TOT","USD_CAP","A","2009",4407.799,
"IRL","HEALTHEXP","TOT","USD_CAP","A","2010",4585.4044,
"IRL","HEALTHEXP","TOT","USD_CAP","A","2011",4514.9774,
"IRL","HEALTHEXP","TOT","USD_CAP","A","2012",4658.284,
"IRL","HEALTHEXP","TOT","USD_CAP","A","2013",4980.3999,"B"
"IRL","HEALTHEXP","TOT","USD_CAP","A","2014",5001.322,
"IRL","HEALTHEXP","TOT","USD_CAP","A","2015",5130.6825,"E"
"ITA","HEALTHEXP","TOT","USD_CAP","A","1988",1074.6384,
"ITA","HEALTHEXP","TOT","USD_CAP","A","1989",1151.0907,
"ITA","HEALTHEXP","TOT","USD_CAP","A","1990",1281.8826,
"ITA","HEALTHEXP","TOT","USD_CAP","A","1991",1388.9875,
"ITA","HEALTHEXP","TOT","USD_CAP","A","1992",1405.525,
"ITA","HEALTHEXP","TOT","USD_CAP","A","1993",1419.7029,
"ITA","HEALTHEXP","TOT","USD_CAP","A","1994",1448.6155,
"ITA","HEALTHEXP","TOT","USD_CAP","A","1995",1507.7006,"B"
"ITA","HEALTHEXP","TOT","USD_CAP","A","1996",1576.9319,
"ITA","HEALTHEXP","TOT","USD_CAP","A","1997",1692.9319,
"ITA","HEALTHEXP","TOT","USD_CAP","A","1998",1792.3389,
"ITA","HEALTHEXP","TOT","USD_CAP","A","1999",1845.6069,
"ITA","HEALTHEXP","TOT","USD_CAP","A","2000",2019.4276,
"ITA","HEALTHEXP","TOT","USD_CAP","A","2001",2194.4551,
"ITA","HEALTHEXP","TOT","USD_CAP","A","2002",2202.0358,
"ITA","HEALTHEXP","TOT","USD_CAP","A","2003",2235.811,
"ITA","HEALTHEXP","TOT","USD_CAP","A","2004",2355.7084,
"ITA","HEALTHEXP","TOT","USD_CAP","A","2005",2479.3278,
"ITA","HEALTHEXP","TOT","USD_CAP","A","2006",2703.1626,
"ITA","HEALTHEXP","TOT","USD_CAP","A","2007",2751.8517,
"ITA","HEALTHEXP","TOT","USD_CAP","A","2008",3011.2728,
"ITA","HEALTHEXP","TOT","USD_CAP","A","2009",3064.7996,
"ITA","HEALTHEXP","TOT","USD_CAP","A","2010",3108.2039,
"ITA","HEALTHEXP","TOT","USD_CAP","A","2011",3169.0494,
"ITA","HEALTHEXP","TOT","USD_CAP","A","2012",3174.261,
"ITA","HEALTHEXP","TOT","USD_CAP","A","2013",3141.8651,
"ITA","HEALTHEXP","TOT","USD_CAP","A","2014",3206.8286,"B"
"ITA","HEALTHEXP","TOT","USD_CAP","A","2015",3272.2533,"E"
"JPN","HEALTHEXP","TOT","USD_CAP","A","1970",141.137,"D"
"JPN","HEALTHEXP","TOT","USD_CAP","A","1971",157.0962,"D"
"JPN","HEALTHEXP","TOT","USD_CAP","A","1972",179.3623,"D"
"JPN","HEALTHEXP","TOT","USD_CAP","A","1973",196.173,"D"
"JPN","HEALTHEXP","TOT","USD_CAP","A","1974",228.7534,"D"
"JPN","HEALTHEXP","TOT","USD_CAP","A","1975",281.4097,"D"
"JPN","HEALTHEXP","TOT","USD_CAP","A","1976",305.5513,"D"
"JPN","HEALTHEXP","TOT","USD_CAP","A","1977",343.9546,"D"
"JPN","HEALTHEXP","TOT","USD_CAP","A","1978",397.0256,"D"
"JPN","HEALTHEXP","TOT","USD_CAP","A","1979",459.1314,"D"
"JPN","HEALTHEXP","TOT","USD_CAP","A","1980",544.6309,"D"
"JPN","HEALTHEXP","TOT","USD_CAP","A","1981",622.7155,"D"
"JPN","HEALTHEXP","TOT","USD_CAP","A","1982",695.7236,"D"
"JPN","HEALTHEXP","TOT","USD_CAP","A","1983",751.8829,"D"
"JPN","HEALTHEXP","TOT","USD_CAP","A","1984",783.9361,"D"
"JPN","HEALTHEXP","TOT","USD_CAP","A","1985",863.347,"D"
"JPN","HEALTHEXP","TOT","USD_CAP","A","1986",894.6269,"D"
"JPN","HEALTHEXP","TOT","USD_CAP","A","1987",952.0212,"D"
"JPN","HEALTHEXP","TOT","USD_CAP","A","1988",1004.3207,"D"
"JPN","HEALTHEXP","TOT","USD_CAP","A","1989",1051.3848,"D"
"JPN","HEALTHEXP","TOT","USD_CAP","A","1990",1116.7064,"D"
"JPN","HEALTHEXP","TOT","USD_CAP","A","1991",1195.9912,"D"
"JPN","HEALTHEXP","TOT","USD_CAP","A","1992",1283.3253,"D"
"JPN","HEALTHEXP","TOT","USD_CAP","A","1993",1371.3138,"D"
"JPN","HEALTHEXP","TOT","USD_CAP","A","1994",1469.0998,"D"
"JPN","HEALTHEXP","TOT","USD_CAP","A","1995",1469.5138,
"JPN","HEALTHEXP","TOT","USD_CAP","A","1996",1501.2085,
"JPN","HEALTHEXP","TOT","USD_CAP","A","1997",1607.6141,
"JPN","HEALTHEXP","TOT","USD_CAP","A","1998",1656.82,
"JPN","HEALTHEXP","TOT","USD_CAP","A","1999",1765.9755,
"JPN","HEALTHEXP","TOT","USD_CAP","A","2000",1914.8514,
"JPN","HEALTHEXP","TOT","USD_CAP","A","2001",2019.8249,
"JPN","HEALTHEXP","TOT","USD_CAP","A","2002",2104.6727,
"JPN","HEALTHEXP","TOT","USD_CAP","A","2003",2198.8429,
"JPN","HEALTHEXP","TOT","USD_CAP","A","2004",2327.8175,
"JPN","HEALTHEXP","TOT","USD_CAP","A","2005",2463.7249,
"JPN","HEALTHEXP","TOT","USD_CAP","A","2006",2580.1459,
"JPN","HEALTHEXP","TOT","USD_CAP","A","2007",2723.8322,
"JPN","HEALTHEXP","TOT","USD_CAP","A","2008",2852.8629,
"JPN","HEALTHEXP","TOT","USD_CAP","A","2009",2998.5676,
"JPN","HEALTHEXP","TOT","USD_CAP","A","2010",3204.9489,
"JPN","HEALTHEXP","TOT","USD_CAP","A","2011",3799.1178,"B"
"JPN","HEALTHEXP","TOT","USD_CAP","A","2012",4016.7772,
"JPN","HEALTHEXP","TOT","USD_CAP","A","2013",4151.7546,
"JPN","HEALTHEXP","TOT","USD_CAP","A","2014",4152.3727,"P"
"JPN","HEALTHEXP","TOT","USD_CAP","A","2015",4149.765,"E"
"KOR","HEALTHEXP","TOT","USD_CAP","A","1970",16.1934,
"KOR","HEALTHEXP","TOT","USD_CAP","A","1971",16.0407,
"KOR","HEALTHEXP","TOT","USD_CAP","A","1972",16.0358,
"KOR","HEALTHEXP","TOT","USD_CAP","A","1973",16.3623,
"KOR","HEALTHEXP","TOT","USD_CAP","A","1974",16.6344,
"KOR","HEALTHEXP","TOT","USD_CAP","A","1975",28.8199,
"KOR","HEALTHEXP","TOT","USD_CAP","A","1976",34.0852,
"KOR","HEALTHEXP","TOT","USD_CAP","A","1977",37.9691,
"KOR","HEALTHEXP","TOT","USD_CAP","A","1978",48.0566,
"KOR","HEALTHEXP","TOT","USD_CAP","A","1979",72.2968,
"KOR","HEALTHEXP","TOT","USD_CAP","A","1980",83.6991,
"KOR","HEALTHEXP","TOT","USD_CAP","A","1981",100.321,
"KOR","HEALTHEXP","TOT","USD_CAP","A","1982",112.2503,
"KOR","HEALTHEXP","TOT","USD_CAP","A","1983",126.2749,
"KOR","HEALTHEXP","TOT","USD_CAP","A","1984",135.5984,
"KOR","HEALTHEXP","TOT","USD_CAP","A","1985",151.0003,
"KOR","HEALTHEXP","TOT","USD_CAP","A","1986",163.2956,
"KOR","HEALTHEXP","TOT","USD_CAP","A","1987",181.6437,
"KOR","HEALTHEXP","TOT","USD_CAP","A","1988",217.35,
"KOR","HEALTHEXP","TOT","USD_CAP","A","1989",274.2709,
"KOR","HEALTHEXP","TOT","USD_CAP","A","1990",304.9462,
"KOR","HEALTHEXP","TOT","USD_CAP","A","1991",329.3832,
"KOR","HEALTHEXP","TOT","USD_CAP","A","1992",366.4309,
"KOR","HEALTHEXP","TOT","USD_CAP","A","1993",387.3435,
"KOR","HEALTHEXP","TOT","USD_CAP","A","1994",407.2591,
"KOR","HEALTHEXP","TOT","USD_CAP","A","1995",457.9495,
"KOR","HEALTHEXP","TOT","USD_CAP","A","1996",523.5899,
"KOR","HEALTHEXP","TOT","USD_CAP","A","1997",556.243,
"KOR","HEALTHEXP","TOT","USD_CAP","A","1998",547.8676,
"KOR","HEALTHEXP","TOT","USD_CAP","A","1999",647.5179,
"KOR","HEALTHEXP","TOT","USD_CAP","A","2000",724.0871,
"KOR","HEALTHEXP","TOT","USD_CAP","A","2001",862.3864,
"KOR","HEALTHEXP","TOT","USD_CAP","A","2002",904.2233,
"KOR","HEALTHEXP","TOT","USD_CAP","A","2003",997.689,
"KOR","HEALTHEXP","TOT","USD_CAP","A","2004",1081.4534,
"KOR","HEALTHEXP","TOT","USD_CAP","A","2005",1220.0809,
"KOR","HEALTHEXP","TOT","USD_CAP","A","2006",1406.6213,
"KOR","HEALTHEXP","TOT","USD_CAP","A","2007",1566.6353,
"KOR","HEALTHEXP","TOT","USD_CAP","A","2008",1662.9686,
"KOR","HEALTHEXP","TOT","USD_CAP","A","2009",1791.2895,
"KOR","HEALTHEXP","TOT","USD_CAP","A","2010",1951.3258,
"KOR","HEALTHEXP","TOT","USD_CAP","A","2011",2029.6636,
"KOR","HEALTHEXP","TOT","USD_CAP","A","2012",2131.9334,
"KOR","HEALTHEXP","TOT","USD_CAP","A","2013",2224.6293,
"KOR","HEALTHEXP","TOT","USD_CAP","A","2014",2361.44,
"KOR","HEALTHEXP","TOT","USD_CAP","A","2015",2487.9385,"P"
"LUX","HEALTHEXP","TOT","USD_CAP","A","1995",2282.8814,"D"
"LUX","HEALTHEXP","TOT","USD_CAP","A","1996",2394.4814,"D"
"LUX","HEALTHEXP","TOT","USD_CAP","A","1997",2402.6437,"D"
"LUX","HEALTHEXP","TOT","USD_CAP","A","1998",2574.1903,"D"
"LUX","HEALTHEXP","TOT","USD_CAP","A","1999",2983.2628,
"LUX","HEALTHEXP","TOT","USD_CAP","A","2000",3466.2675,"B"
"LUX","HEALTHEXP","TOT","USD_CAP","A","2001",3792.6746,
"LUX","HEALTHEXP","TOT","USD_CAP","A","2002",4223.3167,
"LUX","HEALTHEXP","TOT","USD_CAP","A","2003",4478.8393,
"LUX","HEALTHEXP","TOT","USD_CAP","A","2004",5059.9115,
"LUX","HEALTHEXP","TOT","USD_CAP","A","2005",5090.3667,
"LUX","HEALTHEXP","TOT","USD_CAP","A","2006",5512.8935,
"LUX","HEALTHEXP","TOT","USD_CAP","A","2007",5500.6005,
"LUX","HEALTHEXP","TOT","USD_CAP","A","2008",5938.8079,
"LUX","HEALTHEXP","TOT","USD_CAP","A","2009",6355.5453,
"LUX","HEALTHEXP","TOT","USD_CAP","A","2010",6401.8972,
"LUX","HEALTHEXP","TOT","USD_CAP","A","2011",6040.591,"B"
"LUX","HEALTHEXP","TOT","USD_CAP","A","2012",6423.1651,
"LUX","HEALTHEXP","TOT","USD_CAP","A","2013",6629.0284,"P"
"LUX","HEALTHEXP","TOT","USD_CAP","A","2014",6682.237,"P"
"LUX","HEALTHEXP","TOT","USD_CAP","A","2015",7764.8684,"P"
"MEX","HEALTHEXP","TOT","USD_CAP","A","1990",285.7207,"D"
"MEX","HEALTHEXP","TOT","USD_CAP","A","1991",325.5643,"D"
"MEX","HEALTHEXP","TOT","USD_CAP","A","1992",364.261,"D"
"MEX","HEALTHEXP","TOT","USD_CAP","A","1993",387.8606,"D"
"MEX","HEALTHEXP","TOT","USD_CAP","A","1994",407.6407,"D"
"MEX","HEALTHEXP","TOT","USD_CAP","A","1995",374.6792,"D"
"MEX","HEALTHEXP","TOT","USD_CAP","A","1996",359.1931,"D"
"MEX","HEALTHEXP","TOT","USD_CAP","A","1997",395.1057,"D"
"MEX","HEALTHEXP","TOT","USD_CAP","A","1998",421.4756,"D"
"MEX","HEALTHEXP","TOT","USD_CAP","A","1999",449.0194,"D"
"MEX","HEALTHEXP","TOT","USD_CAP","A","2000",484.3868,"D"
"MEX","HEALTHEXP","TOT","USD_CAP","A","2001",529.2534,"D"
"MEX","HEALTHEXP","TOT","USD_CAP","A","2002",557.88,"D"
"MEX","HEALTHEXP","TOT","USD_CAP","A","2003",642.5906,"B"
"MEX","HEALTHEXP","TOT","USD_CAP","A","2004",691.8534,
"MEX","HEALTHEXP","TOT","USD_CAP","A","2005",730.8158,
"MEX","HEALTHEXP","TOT","USD_CAP","A","2006",771.7252,
"MEX","HEALTHEXP","TOT","USD_CAP","A","2007",822.3672,
"MEX","HEALTHEXP","TOT","USD_CAP","A","2008",846.8494,
"MEX","HEALTHEXP","TOT","USD_CAP","A","2009",889.1632,
"MEX","HEALTHEXP","TOT","USD_CAP","A","2010",911.3509,
"MEX","HEALTHEXP","TOT","USD_CAP","A","2011",942.4717,
"MEX","HEALTHEXP","TOT","USD_CAP","A","2012",1005.8945,
"MEX","HEALTHEXP","TOT","USD_CAP","A","2013",1021.2599,
"MEX","HEALTHEXP","TOT","USD_CAP","A","2014",1035.3389,"B"
"MEX","HEALTHEXP","TOT","USD_CAP","A","2015",1052.0705,"E"
"NLD","HEALTHEXP","TOT","USD_CAP","A","1972",281.4789,
"NLD","HEALTHEXP","TOT","USD_CAP","A","1973",313.6346,
"NLD","HEALTHEXP","TOT","USD_CAP","A","1974",365.8162,
"NLD","HEALTHEXP","TOT","USD_CAP","A","1975",419.7165,
"NLD","HEALTHEXP","TOT","USD_CAP","A","1976",455.6937,
"NLD","HEALTHEXP","TOT","USD_CAP","A","1977",497.4076,
"NLD","HEALTHEXP","TOT","USD_CAP","A","1978",551.5421,
"NLD","HEALTHEXP","TOT","USD_CAP","A","1979",620.2936,
"NLD","HEALTHEXP","TOT","USD_CAP","A","1980",698.4237,
"NLD","HEALTHEXP","TOT","USD_CAP","A","1981",762.9227,
"NLD","HEALTHEXP","TOT","USD_CAP","A","1982",823.657,
"NLD","HEALTHEXP","TOT","USD_CAP","A","1983",870.5367,
"NLD","HEALTHEXP","TOT","USD_CAP","A","1984",888.2889,
"NLD","HEALTHEXP","TOT","USD_CAP","A","1985",934.4091,
"NLD","HEALTHEXP","TOT","USD_CAP","A","1986",987.2535,
"NLD","HEALTHEXP","TOT","USD_CAP","A","1987",1042.1446,
"NLD","HEALTHEXP","TOT","USD_CAP","A","1988",1096.7847,
"NLD","HEALTHEXP","TOT","USD_CAP","A","1989",1212.3951,
"NLD","HEALTHEXP","TOT","USD_CAP","A","1990",1330.9081,
"NLD","HEALTHEXP","TOT","USD_CAP","A","1991",1433.0591,
"NLD","HEALTHEXP","TOT","USD_CAP","A","1992",1522.2756,
"NLD","HEALTHEXP","TOT","USD_CAP","A","1993",1588.271,
"NLD","HEALTHEXP","TOT","USD_CAP","A","1994",1634.1205,
"NLD","HEALTHEXP","TOT","USD_CAP","A","1995",1691.0385,
"NLD","HEALTHEXP","TOT","USD_CAP","A","1996",1758.7704,
"NLD","HEALTHEXP","TOT","USD_CAP","A","1997",1822.439,
"NLD","HEALTHEXP","TOT","USD_CAP","A","1998",1961.6286,"B"
"NLD","HEALTHEXP","TOT","USD_CAP","A","1999",2076.1574,
"NLD","HEALTHEXP","TOT","USD_CAP","A","2000",2224.7504,
"NLD","HEALTHEXP","TOT","USD_CAP","A","2001",2441.0229,
"NLD","HEALTHEXP","TOT","USD_CAP","A","2002",2700.5099,
"NLD","HEALTHEXP","TOT","USD_CAP","A","2003",2853.4358,
"NLD","HEALTHEXP","TOT","USD_CAP","A","2004",3016.6645,
"NLD","HEALTHEXP","TOT","USD_CAP","A","2005",3510.9048,"B"
"NLD","HEALTHEXP","TOT","USD_CAP","A","2006",3797.2679,
"NLD","HEALTHEXP","TOT","USD_CAP","A","2007",4066.1338,
"NLD","HEALTHEXP","TOT","USD_CAP","A","2008",4398.2743,
"NLD","HEALTHEXP","TOT","USD_CAP","A","2009",4550.4651,
"NLD","HEALTHEXP","TOT","USD_CAP","A","2010",4671.0098,
"NLD","HEALTHEXP","TOT","USD_CAP","A","2011",4862.459,
"NLD","HEALTHEXP","TOT","USD_CAP","A","2012",5044.2654,
"NLD","HEALTHEXP","TOT","USD_CAP","A","2013",5250.3058,
"NLD","HEALTHEXP","TOT","USD_CAP","A","2014",5276.6003,
"NLD","HEALTHEXP","TOT","USD_CAP","A","2015",5342.6744,"P"
"NZL","HEALTHEXP","TOT","USD_CAP","A","1970",198.5489,"D"
"NZL","HEALTHEXP","TOT","USD_CAP","A","1971",214.7995,"D"
"NZL","HEALTHEXP","TOT","USD_CAP","A","1972",235.2392,"D"
"NZL","HEALTHEXP","TOT","USD_CAP","A","1973",265.7134,"D"
"NZL","HEALTHEXP","TOT","USD_CAP","A","1974",333.7933,"D"
"NZL","HEALTHEXP","TOT","USD_CAP","A","1975",402.8334,"D"
"NZL","HEALTHEXP","TOT","USD_CAP","A","1976",391.3625,"D"
"NZL","HEALTHEXP","TOT","USD_CAP","A","1977",404.3243,"D"
"NZL","HEALTHEXP","TOT","USD_CAP","A","1978",482.4218,"D"
"NZL","HEALTHEXP","TOT","USD_CAP","A","1979",480.5465,"D"
"NZL","HEALTHEXP","TOT","USD_CAP","A","1980",482.2414,"D"
"NZL","HEALTHEXP","TOT","USD_CAP","A","1981",534.0187,"D"
"NZL","HEALTHEXP","TOT","USD_CAP","A","1982",595.1715,"D"
"NZL","HEALTHEXP","TOT","USD_CAP","A","1983",624.2208,"D"
"NZL","HEALTHEXP","TOT","USD_CAP","A","1984",647.7618,"D"
"NZL","HEALTHEXP","TOT","USD_CAP","A","1985",611.4766,"D"
"NZL","HEALTHEXP","TOT","USD_CAP","A","1986",660.9666,"D"
"NZL","HEALTHEXP","TOT","USD_CAP","A","1987",741.3847,"D"
"NZL","HEALTHEXP","TOT","USD_CAP","A","1988",836.1422,"D"
"NZL","HEALTHEXP","TOT","USD_CAP","A","1989",894.4636,"D"
"NZL","HEALTHEXP","TOT","USD_CAP","A","1990",972.917,"D"
"NZL","HEALTHEXP","TOT","USD_CAP","A","1991",1033.6659,"D"
"NZL","HEALTHEXP","TOT","USD_CAP","A","1992",1077.7332,"D"
"NZL","HEALTHEXP","TOT","USD_CAP","A","1993",1105.3212,"D"
"NZL","HEALTHEXP","TOT","USD_CAP","A","1994",1185.3952,"D"
"NZL","HEALTHEXP","TOT","USD_CAP","A","1995",1243.0449,"D"
"NZL","HEALTHEXP","TOT","USD_CAP","A","1996",1272.288,"D"
"NZL","HEALTHEXP","TOT","USD_CAP","A","1997",1358.0977,"D"
"NZL","HEALTHEXP","TOT","USD_CAP","A","1998",1451.6511,"D"
"NZL","HEALTHEXP","TOT","USD_CAP","A","1999",1522.3195,"D"
"NZL","HEALTHEXP","TOT","USD_CAP","A","2000",1607.0072,"D"
"NZL","HEALTHEXP","TOT","USD_CAP","A","2001",1705.2852,"D"
"NZL","HEALTHEXP","TOT","USD_CAP","A","2002",1841.3031,"D"
"NZL","HEALTHEXP","TOT","USD_CAP","A","2003",1849.9565,"B"
"NZL","HEALTHEXP","TOT","USD_CAP","A","2004",1981.8474,
"NZL","HEALTHEXP","TOT","USD_CAP","A","2005",2124.3824,
"NZL","HEALTHEXP","TOT","USD_CAP","A","2006",2394.4802,
"NZL","HEALTHEXP","TOT","USD_CAP","A","2007",2444.5154,
"NZL","HEALTHEXP","TOT","USD_CAP","A","2008",2729.96,
"NZL","HEALTHEXP","TOT","USD_CAP","A","2009",2970.2107,"P"
"NZL","HEALTHEXP","TOT","USD_CAP","A","2010",3020.3961,"P"
"NZL","HEALTHEXP","TOT","USD_CAP","A","2011",3130.8058,"P"
"NZL","HEALTHEXP","TOT","USD_CAP","A","2012",3199.4632,"P"
"NZL","HEALTHEXP","TOT","USD_CAP","A","2013",3486.433,"P"
"NZL","HEALTHEXP","TOT","USD_CAP","A","2014",3537.2568,"E"
"NZL","HEALTHEXP","TOT","USD_CAP","A","2015",3590.1685,"E"
"NOR","HEALTHEXP","TOT","USD_CAP","A","1970",133.1736,
"NOR","HEALTHEXP","TOT","USD_CAP","A","1971",156.7782,
"NOR","HEALTHEXP","TOT","USD_CAP","A","1972",185.9515,
"NOR","HEALTHEXP","TOT","USD_CAP","A","1973",210.1582,
"NOR","HEALTHEXP","TOT","USD_CAP","A","1974",236.5434,
"NOR","HEALTHEXP","TOT","USD_CAP","A","1975",292.6418,
"NOR","HEALTHEXP","TOT","USD_CAP","A","1976",333.3121,
"NOR","HEALTHEXP","TOT","USD_CAP","A","1977",382.545,
"NOR","HEALTHEXP","TOT","USD_CAP","A","1978",465.2548,
"NOR","HEALTHEXP","TOT","USD_CAP","A","1979",478.8375,
"NOR","HEALTHEXP","TOT","USD_CAP","A","1980",528.5853,
"NOR","HEALTHEXP","TOT","USD_CAP","A","1981",588.4691,
"NOR","HEALTHEXP","TOT","USD_CAP","A","1982",647.0286,
"NOR","HEALTHEXP","TOT","USD_CAP","A","1983",719.5041,
"NOR","HEALTHEXP","TOT","USD_CAP","A","1984",741.4723,
"NOR","HEALTHEXP","TOT","USD_CAP","A","1985",805.0504,
"NOR","HEALTHEXP","TOT","USD_CAP","A","1986",919.871,
"NOR","HEALTHEXP","TOT","USD_CAP","A","1987",993.5674,
"NOR","HEALTHEXP","TOT","USD_CAP","A","1988",1042.9272,
"NOR","HEALTHEXP","TOT","USD_CAP","A","1989",1060.1685,
"NOR","HEALTHEXP","TOT","USD_CAP","A","1990",1291.4821,
"NOR","HEALTHEXP","TOT","USD_CAP","A","1991",1422.3816,
"NOR","HEALTHEXP","TOT","USD_CAP","A","1992",1528.9346,
"NOR","HEALTHEXP","TOT","USD_CAP","A","1993",1574.586,"B"
"NOR","HEALTHEXP","TOT","USD_CAP","A","1994",1659.9261,
"NOR","HEALTHEXP","TOT","USD_CAP","A","1995",1750.8758,
"NOR","HEALTHEXP","TOT","USD_CAP","A","1996",1910.4081,
"NOR","HEALTHEXP","TOT","USD_CAP","A","1997",2204.6489,"B"
"NOR","HEALTHEXP","TOT","USD_CAP","A","1998",2354.4211,
"NOR","HEALTHEXP","TOT","USD_CAP","A","1999",2565.0829,
"NOR","HEALTHEXP","TOT","USD_CAP","A","2000",2836.1297,
"NOR","HEALTHEXP","TOT","USD_CAP","A","2001",3030.9077,"B"
"NOR","HEALTHEXP","TOT","USD_CAP","A","2002",3398.0379,
"NOR","HEALTHEXP","TOT","USD_CAP","A","2003",3595.0564,
"NOR","HEALTHEXP","TOT","USD_CAP","A","2004",3811.3917,
"NOR","HEALTHEXP","TOT","USD_CAP","A","2005",4029.4379,
"NOR","HEALTHEXP","TOT","USD_CAP","A","2006",4329.4071,
"NOR","HEALTHEXP","TOT","USD_CAP","A","2007",4578.0888,
"NOR","HEALTHEXP","TOT","USD_CAP","A","2008",4973.2861,
"NOR","HEALTHEXP","TOT","USD_CAP","A","2009",5094.2532,
"NOR","HEALTHEXP","TOT","USD_CAP","A","2010",5240.4165,
"NOR","HEALTHEXP","TOT","USD_CAP","A","2011",5515.1289,
"NOR","HEALTHEXP","TOT","USD_CAP","A","2012",5738.4827,
"NOR","HEALTHEXP","TOT","USD_CAP","A","2013",5966.6373,
"NOR","HEALTHEXP","TOT","USD_CAP","A","2014",6080.998,"P"
"NOR","HEALTHEXP","TOT","USD_CAP","A","2015",6567.0315,"P"
"POL","HEALTHEXP","TOT","USD_CAP","A","1990",264.8838,
"POL","HEALTHEXP","TOT","USD_CAP","A","1991",280.6377,
"POL","HEALTHEXP","TOT","USD_CAP","A","1992",307.2336,
"POL","HEALTHEXP","TOT","USD_CAP","A","1993",331.9318,
"POL","HEALTHEXP","TOT","USD_CAP","A","1994",348.0157,
"POL","HEALTHEXP","TOT","USD_CAP","A","1995",373.2969,
"POL","HEALTHEXP","TOT","USD_CAP","A","1996",430.5564,
"POL","HEALTHEXP","TOT","USD_CAP","A","1997",453.8275,
"POL","HEALTHEXP","TOT","USD_CAP","A","1998",475.168,
"POL","HEALTHEXP","TOT","USD_CAP","A","1999",547.0443,
"POL","HEALTHEXP","TOT","USD_CAP","A","2000",562.0242,
"POL","HEALTHEXP","TOT","USD_CAP","A","2001",622.7935,
"POL","HEALTHEXP","TOT","USD_CAP","A","2002",704.7175,"B"
"POL","HEALTHEXP","TOT","USD_CAP","A","2003",718.1629,
"POL","HEALTHEXP","TOT","USD_CAP","A","2004",770.5865,
"POL","HEALTHEXP","TOT","USD_CAP","A","2005",806.3174,
"POL","HEALTHEXP","TOT","USD_CAP","A","2006",882.2359,
"POL","HEALTHEXP","TOT","USD_CAP","A","2007",992.6475,
"POL","HEALTHEXP","TOT","USD_CAP","A","2008",1158.0342,
"POL","HEALTHEXP","TOT","USD_CAP","A","2009",1270.2808,
"POL","HEALTHEXP","TOT","USD_CAP","A","2010",1340.7184,"B"
"POL","HEALTHEXP","TOT","USD_CAP","A","2011",1404.1005,
"POL","HEALTHEXP","TOT","USD_CAP","A","2012",1463.748,
"POL","HEALTHEXP","TOT","USD_CAP","A","2013",1580.371,"B"
"POL","HEALTHEXP","TOT","USD_CAP","A","2014",1624.8655,
"POL","HEALTHEXP","TOT","USD_CAP","A","2015",1676.6774,"E"
"PRT","HEALTHEXP","TOT","USD_CAP","A","1970",45.35,
"PRT","HEALTHEXP","TOT","USD_CAP","A","1971",54.6689,
"PRT","HEALTHEXP","TOT","USD_CAP","A","1972",76.1216,
"PRT","HEALTHEXP","TOT","USD_CAP","A","1973",96.4832,
"PRT","HEALTHEXP","TOT","USD_CAP","A","1974",112.1765,
"PRT","HEALTHEXP","TOT","USD_CAP","A","1975",154.4927,
"PRT","HEALTHEXP","TOT","USD_CAP","A","1976",163.886,
"PRT","HEALTHEXP","TOT","USD_CAP","A","1977",162.3001,
"PRT","HEALTHEXP","TOT","USD_CAP","A","1978",182.1873,
"PRT","HEALTHEXP","TOT","USD_CAP","A","1979",200.3286,
"PRT","HEALTHEXP","TOT","USD_CAP","A","1980",264.2319,
"PRT","HEALTHEXP","TOT","USD_CAP","A","1981",305.3306,
"PRT","HEALTHEXP","TOT","USD_CAP","A","1982",333.1386,
"PRT","HEALTHEXP","TOT","USD_CAP","A","1983",326.4657,
"PRT","HEALTHEXP","TOT","USD_CAP","A","1984",339.0358,
"PRT","HEALTHEXP","TOT","USD_CAP","A","1985",389.0126,
"PRT","HEALTHEXP","TOT","USD_CAP","A","1986",456.3351,
"PRT","HEALTHEXP","TOT","USD_CAP","A","1987",484.2448,
"PRT","HEALTHEXP","TOT","USD_CAP","A","1988",561.7408,
"PRT","HEALTHEXP","TOT","USD_CAP","A","1989",573.3407,
"PRT","HEALTHEXP","TOT","USD_CAP","A","1990",616.9194,
"PRT","HEALTHEXP","TOT","USD_CAP","A","1991",730.1072,
"PRT","HEALTHEXP","TOT","USD_CAP","A","1992",773.8947,
"PRT","HEALTHEXP","TOT","USD_CAP","A","1993",808.5116,
"PRT","HEALTHEXP","TOT","USD_CAP","A","1994",828.1529,
"PRT","HEALTHEXP","TOT","USD_CAP","A","1995",984.1816,"B"
"PRT","HEALTHEXP","TOT","USD_CAP","A","1996",1056.8077,
"PRT","HEALTHEXP","TOT","USD_CAP","A","1997",1115.4084,
"PRT","HEALTHEXP","TOT","USD_CAP","A","1998",1166.5307,
"PRT","HEALTHEXP","TOT","USD_CAP","A","1999",1280.6509,
"PRT","HEALTHEXP","TOT","USD_CAP","A","2000",1494.6821,"B"
"PRT","HEALTHEXP","TOT","USD_CAP","A","2001",1562.2151,
"PRT","HEALTHEXP","TOT","USD_CAP","A","2002",1654.4182,
"PRT","HEALTHEXP","TOT","USD_CAP","A","2003",1764.6203,
"PRT","HEALTHEXP","TOT","USD_CAP","A","2004",1886.7594,
"PRT","HEALTHEXP","TOT","USD_CAP","A","2005",2082.2039,
"PRT","HEALTHEXP","TOT","USD_CAP","A","2006",2181.0053,
"PRT","HEALTHEXP","TOT","USD_CAP","A","2007",2286.5402,
"PRT","HEALTHEXP","TOT","USD_CAP","A","2008",2440.611,
"PRT","HEALTHEXP","TOT","USD_CAP","A","2009",2589.1595,
"PRT","HEALTHEXP","TOT","USD_CAP","A","2010",2645.6631,
"PRT","HEALTHEXP","TOT","USD_CAP","A","2011",2566.9707,
"PRT","HEALTHEXP","TOT","USD_CAP","A","2012",2535.7284,
"PRT","HEALTHEXP","TOT","USD_CAP","A","2013",2538.7046,
"PRT","HEALTHEXP","TOT","USD_CAP","A","2014",2583.8438,
"PRT","HEALTHEXP","TOT","USD_CAP","A","2015",2631.3498,"P"
"SVK","HEALTHEXP","TOT","USD_CAP","A","1997",562.9105,"D"
"SVK","HEALTHEXP","TOT","USD_CAP","A","1998",583.252,"D"
"SVK","HEALTHEXP","TOT","USD_CAP","A","1999",585.457,
"SVK","HEALTHEXP","TOT","USD_CAP","A","2000",592.8044,
"SVK","HEALTHEXP","TOT","USD_CAP","A","2001",653.456,
"SVK","HEALTHEXP","TOT","USD_CAP","A","2002",724.7334,
"SVK","HEALTHEXP","TOT","USD_CAP","A","2003",759.0556,
"SVK","HEALTHEXP","TOT","USD_CAP","A","2004",971.2235,"B"
"SVK","HEALTHEXP","TOT","USD_CAP","A","2005",1093.9081,"B"
"SVK","HEALTHEXP","TOT","USD_CAP","A","2006",1294.5212,
"SVK","HEALTHEXP","TOT","USD_CAP","A","2007",1545.5981,
"SVK","HEALTHEXP","TOT","USD_CAP","A","2008",1665.2449,"B"
"SVK","HEALTHEXP","TOT","USD_CAP","A","2009",1849.6847,
"SVK","HEALTHEXP","TOT","USD_CAP","A","2010",1917.8972,
"SVK","HEALTHEXP","TOT","USD_CAP","A","2011",1871.8732,
"SVK","HEALTHEXP","TOT","USD_CAP","A","2012",1999.5644,
"SVK","HEALTHEXP","TOT","USD_CAP","A","2013",2073.0478,
"SVK","HEALTHEXP","TOT","USD_CAP","A","2014",1970.523,"B"
"SVK","HEALTHEXP","TOT","USD_CAP","A","2015",2063.7541,"E"
"ESP","HEALTHEXP","TOT","USD_CAP","A","1970",88.5521,
"ESP","HEALTHEXP","TOT","USD_CAP","A","1971",109.7235,
"ESP","HEALTHEXP","TOT","USD_CAP","A","1972",129.4614,
"ESP","HEALTHEXP","TOT","USD_CAP","A","1973",142.6334,
"ESP","HEALTHEXP","TOT","USD_CAP","A","1974",177.0384,
"ESP","HEALTHEXP","TOT","USD_CAP","A","1975",200.2777,
"ESP","HEALTHEXP","TOT","USD_CAP","A","1976",240.2397,
"ESP","HEALTHEXP","TOT","USD_CAP","A","1977",273.0869,
"ESP","HEALTHEXP","TOT","USD_CAP","A","1978",294.7268,
"ESP","HEALTHEXP","TOT","USD_CAP","A","1979",313.0721,
"ESP","HEALTHEXP","TOT","USD_CAP","A","1980",351.2603,
"ESP","HEALTHEXP","TOT","USD_CAP","A","1981",390.9626,
"ESP","HEALTHEXP","TOT","USD_CAP","A","1982",425.6855,
"ESP","HEALTHEXP","TOT","USD_CAP","A","1983",461.2502,
"ESP","HEALTHEXP","TOT","USD_CAP","A","1984",467.168,
"ESP","HEALTHEXP","TOT","USD_CAP","A","1985",480.4681,
"ESP","HEALTHEXP","TOT","USD_CAP","A","1986",500.6476,
"ESP","HEALTHEXP","TOT","USD_CAP","A","1987",548.0774,
"ESP","HEALTHEXP","TOT","USD_CAP","A","1988",661.5783,
"ESP","HEALTHEXP","TOT","USD_CAP","A","1989",734.8665,
"ESP","HEALTHEXP","TOT","USD_CAP","A","1990",835.3369,
"ESP","HEALTHEXP","TOT","USD_CAP","A","1991",910.1406,
"ESP","HEALTHEXP","TOT","USD_CAP","A","1992",992.3218,
"ESP","HEALTHEXP","TOT","USD_CAP","A","1993",1048.008,
"ESP","HEALTHEXP","TOT","USD_CAP","A","1994",1081.2951,
"ESP","HEALTHEXP","TOT","USD_CAP","A","1995",1157.1153,
"ESP","HEALTHEXP","TOT","USD_CAP","A","1996",1215.5878,
"ESP","HEALTHEXP","TOT","USD_CAP","A","1997",1263.021,
"ESP","HEALTHEXP","TOT","USD_CAP","A","1998",1340.5293,
"ESP","HEALTHEXP","TOT","USD_CAP","A","1999",1406.4495,"B"
"ESP","HEALTHEXP","TOT","USD_CAP","A","2000",1490.642,
"ESP","HEALTHEXP","TOT","USD_CAP","A","2001",1574.9689,
"ESP","HEALTHEXP","TOT","USD_CAP","A","2002",1677.5396,
"ESP","HEALTHEXP","TOT","USD_CAP","A","2003",1907.9302,"B"
"ESP","HEALTHEXP","TOT","USD_CAP","A","2004",2014.3386,
"ESP","HEALTHEXP","TOT","USD_CAP","A","2005",2139.3333,
"ESP","HEALTHEXP","TOT","USD_CAP","A","2006",2393.3068,
"ESP","HEALTHEXP","TOT","USD_CAP","A","2007",2570.706,
"ESP","HEALTHEXP","TOT","USD_CAP","A","2008",2795.8694,
"ESP","HEALTHEXP","TOT","USD_CAP","A","2009",2944.6196,
"ESP","HEALTHEXP","TOT","USD_CAP","A","2010",2917.9495,
"ESP","HEALTHEXP","TOT","USD_CAP","A","2011",2956.7857,
"ESP","HEALTHEXP","TOT","USD_CAP","A","2012",2929.3567,
"ESP","HEALTHEXP","TOT","USD_CAP","A","2013",2952.175,
"ESP","HEALTHEXP","TOT","USD_CAP","A","2014",3053.0745,
"ESP","HEALTHEXP","TOT","USD_CAP","A","2015",3152.9869,"E"
"SWE","HEALTHEXP","TOT","USD_CAP","A","1970",266.0831,
"SWE","HEALTHEXP","TOT","USD_CAP","A","1971",302.6247,
"SWE","HEALTHEXP","TOT","USD_CAP","A","1972",327.5264,
"SWE","HEALTHEXP","TOT","USD_CAP","A","1973",356.8408,
"SWE","HEALTHEXP","TOT","USD_CAP","A","1974",416.1785,
"SWE","HEALTHEXP","TOT","USD_CAP","A","1975",485.6318,
"SWE","HEALTHEXP","TOT","USD_CAP","A","1976",538.2929,
"SWE","HEALTHEXP","TOT","USD_CAP","A","1977",622.7401,
"SWE","HEALTHEXP","TOT","USD_CAP","A","1978",680.4523,
"SWE","HEALTHEXP","TOT","USD_CAP","A","1979",752.2703,
"SWE","HEALTHEXP","TOT","USD_CAP","A","1980",866.5531,
"SWE","HEALTHEXP","TOT","USD_CAP","A","1981",963.2356,
"SWE","HEALTHEXP","TOT","USD_CAP","A","1982",1046.4884,
"SWE","HEALTHEXP","TOT","USD_CAP","A","1983",1095.6925,
"SWE","HEALTHEXP","TOT","USD_CAP","A","1984",1152.9266,
"SWE","HEALTHEXP","TOT","USD_CAP","A","1985",1151.9123,
"SWE","HEALTHEXP","TOT","USD_CAP","A","1986",1166.1314,
"SWE","HEALTHEXP","TOT","USD_CAP","A","1987",1245.4541,
"SWE","HEALTHEXP","TOT","USD_CAP","A","1988",1300.728,
"SWE","HEALTHEXP","TOT","USD_CAP","A","1989",1389.4044,
"SWE","HEALTHEXP","TOT","USD_CAP","A","1990",1456.7809,
"SWE","HEALTHEXP","TOT","USD_CAP","A","1991",1475.3174,
"SWE","HEALTHEXP","TOT","USD_CAP","A","1992",1541.0065,
"SWE","HEALTHEXP","TOT","USD_CAP","A","1993",1585.7975,"B"
"SWE","HEALTHEXP","TOT","USD_CAP","A","1994",1588.781,
"SWE","HEALTHEXP","TOT","USD_CAP","A","1995",1659.0003,
"SWE","HEALTHEXP","TOT","USD_CAP","A","1996",1768.8161,
"SWE","HEALTHEXP","TOT","USD_CAP","A","1997",1793.1756,
"SWE","HEALTHEXP","TOT","USD_CAP","A","1998",1891.2871,
"SWE","HEALTHEXP","TOT","USD_CAP","A","1999",2015.6244,
"SWE","HEALTHEXP","TOT","USD_CAP","A","2000",2177.5321,
"SWE","HEALTHEXP","TOT","USD_CAP","A","2001",2395.6745,"B"
"SWE","HEALTHEXP","TOT","USD_CAP","A","2002",2574.7376,
"SWE","HEALTHEXP","TOT","USD_CAP","A","2003",2713.9253,
"SWE","HEALTHEXP","TOT","USD_CAP","A","2004",2830.3305,
"SWE","HEALTHEXP","TOT","USD_CAP","A","2005",2841.8221,
"SWE","HEALTHEXP","TOT","USD_CAP","A","2006",3066.2039,
"SWE","HEALTHEXP","TOT","USD_CAP","A","2007",3274.849,
"SWE","HEALTHEXP","TOT","USD_CAP","A","2008",3481.5901,
"SWE","HEALTHEXP","TOT","USD_CAP","A","2009",3547.1337,
"SWE","HEALTHEXP","TOT","USD_CAP","A","2010",3543.5822,
"SWE","HEALTHEXP","TOT","USD_CAP","A","2011",4667.6964,"B"
"SWE","HEALTHEXP","TOT","USD_CAP","A","2012",4860.2524,
"SWE","HEALTHEXP","TOT","USD_CAP","A","2013",5003.1323,
"SWE","HEALTHEXP","TOT","USD_CAP","A","2014",5065.1613,"P"
"SWE","HEALTHEXP","TOT","USD_CAP","A","2015",5227.8349,"P"
"CHE","HEALTHEXP","TOT","USD_CAP","A","1970",345.3678,
"CHE","HEALTHEXP","TOT","USD_CAP","A","1971",392.4962,
"CHE","HEALTHEXP","TOT","USD_CAP","A","1972",416.6092,
"CHE","HEALTHEXP","TOT","USD_CAP","A","1973",455.9513,
"CHE","HEALTHEXP","TOT","USD_CAP","A","1974",535.5791,
"CHE","HEALTHEXP","TOT","USD_CAP","A","1975",618.5619,
"CHE","HEALTHEXP","TOT","USD_CAP","A","1976",669.7635,
"CHE","HEALTHEXP","TOT","USD_CAP","A","1977",730.4875,
"CHE","HEALTHEXP","TOT","USD_CAP","A","1978",786.1328,
"CHE","HEALTHEXP","TOT","USD_CAP","A","1979",882.7052,
"CHE","HEALTHEXP","TOT","USD_CAP","A","1980",1007.6518,
"CHE","HEALTHEXP","TOT","USD_CAP","A","1981",1123.2798,
"CHE","HEALTHEXP","TOT","USD_CAP","A","1982",1194.4246,
"CHE","HEALTHEXP","TOT","USD_CAP","A","1983",1310.4866,
"CHE","HEALTHEXP","TOT","USD_CAP","A","1984",1346.3352,
"CHE","HEALTHEXP","TOT","USD_CAP","A","1985",1434.7317,
"CHE","HEALTHEXP","TOT","USD_CAP","A","1986",1519.943,
"CHE","HEALTHEXP","TOT","USD_CAP","A","1987",1618.5075,
"CHE","HEALTHEXP","TOT","USD_CAP","A","1988",1728.7078,
"CHE","HEALTHEXP","TOT","USD_CAP","A","1989",1864.637,
"CHE","HEALTHEXP","TOT","USD_CAP","A","1990",1968.0406,
"CHE","HEALTHEXP","TOT","USD_CAP","A","1991",2152.7988,
"CHE","HEALTHEXP","TOT","USD_CAP","A","1992",2277.882,
"CHE","HEALTHEXP","TOT","USD_CAP","A","1993",2329.2126,
"CHE","HEALTHEXP","TOT","USD_CAP","A","1994",2411.0169,
"CHE","HEALTHEXP","TOT","USD_CAP","A","1995",2561.8827,"B"
"CHE","HEALTHEXP","TOT","USD_CAP","A","1996",2729.1252,
"CHE","HEALTHEXP","TOT","USD_CAP","A","1997",2840.3597,
"CHE","HEALTHEXP","TOT","USD_CAP","A","1998",2977.7701,
"CHE","HEALTHEXP","TOT","USD_CAP","A","1999",3073.2264,
"CHE","HEALTHEXP","TOT","USD_CAP","A","2000",3221.7795,
"CHE","HEALTHEXP","TOT","USD_CAP","A","2001",3429.1233,
"CHE","HEALTHEXP","TOT","USD_CAP","A","2002",3672.9233,
"CHE","HEALTHEXP","TOT","USD_CAP","A","2003",3785.126,
"CHE","HEALTHEXP","TOT","USD_CAP","A","2004",3935.8776,
"CHE","HEALTHEXP","TOT","USD_CAP","A","2005",4015.3331,
"CHE","HEALTHEXP","TOT","USD_CAP","A","2006",4251.3673,
"CHE","HEALTHEXP","TOT","USD_CAP","A","2007",4567.3285,
"CHE","HEALTHEXP","TOT","USD_CAP","A","2008",4933.1,
"CHE","HEALTHEXP","TOT","USD_CAP","A","2009",5183.952,
"CHE","HEALTHEXP","TOT","USD_CAP","A","2010",5371.4504,"B"
"CHE","HEALTHEXP","TOT","USD_CAP","A","2011",5787.6672,
"CHE","HEALTHEXP","TOT","USD_CAP","A","2012",6288.6475,
"CHE","HEALTHEXP","TOT","USD_CAP","A","2013",6635.2769,
"CHE","HEALTHEXP","TOT","USD_CAP","A","2014",6786.5657,
"CHE","HEALTHEXP","TOT","USD_CAP","A","2015",6934.6782,"P"
"TUR","HEALTHEXP","TOT","USD_CAP","A","1975",45.5623,"D"
"TUR","HEALTHEXP","TOT","USD_CAP","A","1976",40.9581,"D"
"TUR","HEALTHEXP","TOT","USD_CAP","A","1977",51.5739,"D"
"TUR","HEALTHEXP","TOT","USD_CAP","A","1978",61.9462,"D"
"TUR","HEALTHEXP","TOT","USD_CAP","A","1979",64.6638,"D"
"TUR","HEALTHEXP","TOT","USD_CAP","A","1980",69.4238,"D"
"TUR","HEALTHEXP","TOT","USD_CAP","A","1981",85.3679,"D"
"TUR","HEALTHEXP","TOT","USD_CAP","A","1982",76.3853,"D"
"TUR","HEALTHEXP","TOT","USD_CAP","A","1983",83.6714,"D"
"TUR","HEALTHEXP","TOT","USD_CAP","A","1984",86.4412,"D"
"TUR","HEALTHEXP","TOT","USD_CAP","A","1985",64.0561,
"TUR","HEALTHEXP","TOT","USD_CAP","A","1986",84.4765,
"TUR","HEALTHEXP","TOT","USD_CAP","A","1987",95.7156,
"TUR","HEALTHEXP","TOT","USD_CAP","A","1988",108.3045,
"TUR","HEALTHEXP","TOT","USD_CAP","A","1989",120.8851,
"TUR","HEALTHEXP","TOT","USD_CAP","A","1990",144.1129,
"TUR","HEALTHEXP","TOT","USD_CAP","A","1991",167.3948,"D"
"TUR","HEALTHEXP","TOT","USD_CAP","A","1992",175.4861,"D"
"TUR","HEALTHEXP","TOT","USD_CAP","A","1993",186.8433,"D"
"TUR","HEALTHEXP","TOT","USD_CAP","A","1994",172.3677,"D"
"TUR","HEALTHEXP","TOT","USD_CAP","A","1995",172.7806,"D"
"TUR","HEALTHEXP","TOT","USD_CAP","A","1996",214.7436,"D"
"TUR","HEALTHEXP","TOT","USD_CAP","A","1997",249.5353,"D"
"TUR","HEALTHEXP","TOT","USD_CAP","A","1998",294.7179,"D"
"TUR","HEALTHEXP","TOT","USD_CAP","A","1999",357.0304,"B"
"TUR","HEALTHEXP","TOT","USD_CAP","A","2000",423.9505,
"TUR","HEALTHEXP","TOT","USD_CAP","A","2001",433.5375,
"TUR","HEALTHEXP","TOT","USD_CAP","A","2002",453.351,
"TUR","HEALTHEXP","TOT","USD_CAP","A","2003",459.0445,
"TUR","HEALTHEXP","TOT","USD_CAP","A","2004",521.3,
"TUR","HEALTHEXP","TOT","USD_CAP","A","2005",585.6594,
"TUR","HEALTHEXP","TOT","USD_CAP","A","2006",697.3519,
"TUR","HEALTHEXP","TOT","USD_CAP","A","2007",766.8245,
"TUR","HEALTHEXP","TOT","USD_CAP","A","2008",827.3149,
"TUR","HEALTHEXP","TOT","USD_CAP","A","2009",841.2871,
"TUR","HEALTHEXP","TOT","USD_CAP","A","2010",852.6704,
"TUR","HEALTHEXP","TOT","USD_CAP","A","2011",887.9525,
"TUR","HEALTHEXP","TOT","USD_CAP","A","2012",911.293,
"TUR","HEALTHEXP","TOT","USD_CAP","A","2013",969.3608,
"TUR","HEALTHEXP","TOT","USD_CAP","A","2014",990.1908,
"TUR","HEALTHEXP","TOT","USD_CAP","A","2015",1063.5506,"E"
"GBR","HEALTHEXP","TOT","USD_CAP","A","1970",147.8857,
"GBR","HEALTHEXP","TOT","USD_CAP","A","1971",162.0258,
"GBR","HEALTHEXP","TOT","USD_CAP","A","1972",178.6712,
"GBR","HEALTHEXP","TOT","USD_CAP","A","1973",196.9693,
"GBR","HEALTHEXP","TOT","USD_CAP","A","1974",241.7809,
"GBR","HEALTHEXP","TOT","USD_CAP","A","1975",276.1247,
"GBR","HEALTHEXP","TOT","USD_CAP","A","1976",301.1445,
"GBR","HEALTHEXP","TOT","USD_CAP","A","1977",321.4011,
"GBR","HEALTHEXP","TOT","USD_CAP","A","1978",354.6131,
"GBR","HEALTHEXP","TOT","USD_CAP","A","1979",392.8186,
"GBR","HEALTHEXP","TOT","USD_CAP","A","1980",446.9553,
"GBR","HEALTHEXP","TOT","USD_CAP","A","1981",505.5757,
"GBR","HEALTHEXP","TOT","USD_CAP","A","1982",531.47,
"GBR","HEALTHEXP","TOT","USD_CAP","A","1983",597.8042,
"GBR","HEALTHEXP","TOT","USD_CAP","A","1984",622.0385,
"GBR","HEALTHEXP","TOT","USD_CAP","A","1985",654.4169,
"GBR","HEALTHEXP","TOT","USD_CAP","A","1986",685.1712,
"GBR","HEALTHEXP","TOT","USD_CAP","A","1987",747.8186,
"GBR","HEALTHEXP","TOT","USD_CAP","A","1988",803.8776,
"GBR","HEALTHEXP","TOT","USD_CAP","A","1989",845.3638,
"GBR","HEALTHEXP","TOT","USD_CAP","A","1990",887.939,
"GBR","HEALTHEXP","TOT","USD_CAP","A","1991",973.4494,
"GBR","HEALTHEXP","TOT","USD_CAP","A","1992",1078.9976,
"GBR","HEALTHEXP","TOT","USD_CAP","A","1993",1144.029,
"GBR","HEALTHEXP","TOT","USD_CAP","A","1994",1227.6224,
"GBR","HEALTHEXP","TOT","USD_CAP","A","1995",1273.7345,
"GBR","HEALTHEXP","TOT","USD_CAP","A","1996",1351.1875,
"GBR","HEALTHEXP","TOT","USD_CAP","A","1997",1398.7175,"B"
"GBR","HEALTHEXP","TOT","USD_CAP","A","1998",1470.5883,
"GBR","HEALTHEXP","TOT","USD_CAP","A","1999",1573.5414,
"GBR","HEALTHEXP","TOT","USD_CAP","A","2000",1718.608,
"GBR","HEALTHEXP","TOT","USD_CAP","A","2001",1901.332,
"GBR","HEALTHEXP","TOT","USD_CAP","A","2002",2060.468,
"GBR","HEALTHEXP","TOT","USD_CAP","A","2003",2211.542,
"GBR","HEALTHEXP","TOT","USD_CAP","A","2004",2412.166,
"GBR","HEALTHEXP","TOT","USD_CAP","A","2005",2568.468,
"GBR","HEALTHEXP","TOT","USD_CAP","A","2006",2784.489,
"GBR","HEALTHEXP","TOT","USD_CAP","A","2007",2862.43,
"GBR","HEALTHEXP","TOT","USD_CAP","A","2008",2971.154,
"GBR","HEALTHEXP","TOT","USD_CAP","A","2009",3150.239,
"GBR","HEALTHEXP","TOT","USD_CAP","A","2010",3036.12,
"GBR","HEALTHEXP","TOT","USD_CAP","A","2011",3087.306,
"GBR","HEALTHEXP","TOT","USD_CAP","A","2012",3191.936,
"GBR","HEALTHEXP","TOT","USD_CAP","A","2013",3881.09,"B"
"GBR","HEALTHEXP","TOT","USD_CAP","A","2014",3971.394,
"GBR","HEALTHEXP","TOT","USD_CAP","A","2015",4003.0024,"E"
"USA","HEALTHEXP","TOT","USD_CAP","A","1970",326.9704,
"USA","HEALTHEXP","TOT","USD_CAP","A","1971",357.983,
"USA","HEALTHEXP","TOT","USD_CAP","A","1972",397.1014,
"USA","HEALTHEXP","TOT","USD_CAP","A","1973",439.3022,
"USA","HEALTHEXP","TOT","USD_CAP","A","1974",495.123,
"USA","HEALTHEXP","TOT","USD_CAP","A","1975",560.7455,
"USA","HEALTHEXP","TOT","USD_CAP","A","1976",638.8557,
"USA","HEALTHEXP","TOT","USD_CAP","A","1977",726.2369,
"USA","HEALTHEXP","TOT","USD_CAP","A","1978",808.8881,
"USA","HEALTHEXP","TOT","USD_CAP","A","1979",908.9625,
"USA","HEALTHEXP","TOT","USD_CAP","A","1980",1036.3091,
"USA","HEALTHEXP","TOT","USD_CAP","A","1981",1191.5418,
"USA","HEALTHEXP","TOT","USD_CAP","A","1982",1329.6731,
"USA","HEALTHEXP","TOT","USD_CAP","A","1983",1451.9445,
"USA","HEALTHEXP","TOT","USD_CAP","A","1984",1590.6675,
"USA","HEALTHEXP","TOT","USD_CAP","A","1985",1735.1606,
"USA","HEALTHEXP","TOT","USD_CAP","A","1986",1847.7769,
"USA","HEALTHEXP","TOT","USD_CAP","A","1987",1990.545,
"USA","HEALTHEXP","TOT","USD_CAP","A","1988",2210.6963,
"USA","HEALTHEXP","TOT","USD_CAP","A","1989",2440.0611,
"USA","HEALTHEXP","TOT","USD_CAP","A","1990",2700.3541,
"USA","HEALTHEXP","TOT","USD_CAP","A","1991",2915.9548,
"USA","HEALTHEXP","TOT","USD_CAP","A","1992",3113.8468,
"USA","HEALTHEXP","TOT","USD_CAP","A","1993",3299.9756,
"USA","HEALTHEXP","TOT","USD_CAP","A","1994",3441.9579,
"USA","HEALTHEXP","TOT","USD_CAP","A","1995",3598.3956,
"USA","HEALTHEXP","TOT","USD_CAP","A","1996",3747.6148,
"USA","HEALTHEXP","TOT","USD_CAP","A","1997",3906.5102,
"USA","HEALTHEXP","TOT","USD_CAP","A","1998",4084.8368,
"USA","HEALTHEXP","TOT","USD_CAP","A","1999",4291.5721,
"USA","HEALTHEXP","TOT","USD_CAP","A","2000",4558.9524,
"USA","HEALTHEXP","TOT","USD_CAP","A","2001",4910.6156,
"USA","HEALTHEXP","TOT","USD_CAP","A","2002",5327.8052,
"USA","HEALTHEXP","TOT","USD_CAP","A","2003",5737.4608,
"USA","HEALTHEXP","TOT","USD_CAP","A","2004",6096.5355,
"USA","HEALTHEXP","TOT","USD_CAP","A","2005",6445.7053,
"USA","HEALTHEXP","TOT","USD_CAP","A","2006",6809.4762,
"USA","HEALTHEXP","TOT","USD_CAP","A","2007",7163.1718,
"USA","HEALTHEXP","TOT","USD_CAP","A","2008",7414.0435,
"USA","HEALTHEXP","TOT","USD_CAP","A","2009",7684.7611,
"USA","HEALTHEXP","TOT","USD_CAP","A","2010",7929.372,
"USA","HEALTHEXP","TOT","USD_CAP","A","2011",8171.0784,
"USA","HEALTHEXP","TOT","USD_CAP","A","2012",8422.99,
"USA","HEALTHEXP","TOT","USD_CAP","A","2013",8617.4287,
"USA","HEALTHEXP","TOT","USD_CAP","A","2014",9024.2064,
"USA","HEALTHEXP","TOT","USD_CAP","A","2015",9451.3423,"E"
"CHL","HEALTHEXP","TOT","USD_CAP","A","1995",386.4554,"D"
"CHL","HEALTHEXP","TOT","USD_CAP","A","1996",457.4692,"D"
"CHL","HEALTHEXP","TOT","USD_CAP","A","1997",502.2545,"D"
"CHL","HEALTHEXP","TOT","USD_CAP","A","1998",562.7385,"D"
"CHL","HEALTHEXP","TOT","USD_CAP","A","1999",575.2054,"D"
"CHL","HEALTHEXP","TOT","USD_CAP","A","2000",610.4082,"D"
"CHL","HEALTHEXP","TOT","USD_CAP","A","2001",648.7998,"D"
"CHL","HEALTHEXP","TOT","USD_CAP","A","2002",668.9071,"D"
"CHL","HEALTHEXP","TOT","USD_CAP","A","2003",783.3854,"B"
"CHL","HEALTHEXP","TOT","USD_CAP","A","2004",803.8802,
"CHL","HEALTHEXP","TOT","USD_CAP","A","2005",837.7758,
"CHL","HEALTHEXP","TOT","USD_CAP","A","2006",936.2072,
"CHL","HEALTHEXP","TOT","USD_CAP","A","2007",1031.0343,
"CHL","HEALTHEXP","TOT","USD_CAP","A","2008",1097.2873,
"CHL","HEALTHEXP","TOT","USD_CAP","A","2009",1150.0554,
"CHL","HEALTHEXP","TOT","USD_CAP","A","2010",1219.6509,
"CHL","HEALTHEXP","TOT","USD_CAP","A","2011",1358.1965,
"CHL","HEALTHEXP","TOT","USD_CAP","A","2012",1485.319,
"CHL","HEALTHEXP","TOT","USD_CAP","A","2013",1558.4465,
"CHL","HEALTHEXP","TOT","USD_CAP","A","2014",1688.5233,
"CHL","HEALTHEXP","TOT","USD_CAP","A","2015",1728.2484,"P"
"EST","HEALTHEXP","TOT","USD_CAP","A","1999",497.1219,
"EST","HEALTHEXP","TOT","USD_CAP","A","2000",501.3152,
"EST","HEALTHEXP","TOT","USD_CAP","A","2001",505.0559,
"EST","HEALTHEXP","TOT","USD_CAP","A","2002",558.7273,
"EST","HEALTHEXP","TOT","USD_CAP","A","2003",646.7045,
"EST","HEALTHEXP","TOT","USD_CAP","A","2004",746.8322,
"EST","HEALTHEXP","TOT","USD_CAP","A","2005",820.7244,
"EST","HEALTHEXP","TOT","USD_CAP","A","2006",949.1905,
"EST","HEALTHEXP","TOT","USD_CAP","A","2007",1098.0087,
"EST","HEALTHEXP","TOT","USD_CAP","A","2008",1284.4079,
"EST","HEALTHEXP","TOT","USD_CAP","A","2009",1319.5699,"B"
"EST","HEALTHEXP","TOT","USD_CAP","A","2010",1334.1851,
"EST","HEALTHEXP","TOT","USD_CAP","A","2011",1392.1765,
"EST","HEALTHEXP","TOT","USD_CAP","A","2012",1502.9345,
"EST","HEALTHEXP","TOT","USD_CAP","A","2013",1623.1936,
"EST","HEALTHEXP","TOT","USD_CAP","A","2014",1724.51,
"EST","HEALTHEXP","TOT","USD_CAP","A","2015",1824.4642,"P"
"ISR","HEALTHEXP","TOT","USD_CAP","A","1977",356.214,
"ISR","HEALTHEXP","TOT","USD_CAP","A","1978",432.6298,
"ISR","HEALTHEXP","TOT","USD_CAP","A","1979",526.2098,
"ISR","HEALTHEXP","TOT","USD_CAP","A","1980",577.344,
"ISR","HEALTHEXP","TOT","USD_CAP","A","1981",632.9434,
"ISR","HEALTHEXP","TOT","USD_CAP","A","1982",679.4635,
"ISR","HEALTHEXP","TOT","USD_CAP","A","1983",764.464,
"ISR","HEALTHEXP","TOT","USD_CAP","A","1984",954.6426,
"ISR","HEALTHEXP","TOT","USD_CAP","A","1985",750.0785,
"ISR","HEALTHEXP","TOT","USD_CAP","A","1986",731.1385,
"ISR","HEALTHEXP","TOT","USD_CAP","A","1987",802.83,
"ISR","HEALTHEXP","TOT","USD_CAP","A","1988",873.6201,
"ISR","HEALTHEXP","TOT","USD_CAP","A","1989",963.2694,
"ISR","HEALTHEXP","TOT","USD_CAP","A","1990",977.2241,
"ISR","HEALTHEXP","TOT","USD_CAP","A","1991",976.8055,
"ISR","HEALTHEXP","TOT","USD_CAP","A","1992",1083.5857,
"ISR","HEALTHEXP","TOT","USD_CAP","A","1993",1154.4308,
"ISR","HEALTHEXP","TOT","USD_CAP","A","1994",1322.5405,
"ISR","HEALTHEXP","TOT","USD_CAP","A","1995",1364.8885,
"ISR","HEALTHEXP","TOT","USD_CAP","A","1996",1454.7886,
"ISR","HEALTHEXP","TOT","USD_CAP","A","1997",1530.6489,
"ISR","HEALTHEXP","TOT","USD_CAP","A","1998",1561.5433,
"ISR","HEALTHEXP","TOT","USD_CAP","A","1999",1533.3425,
"ISR","HEALTHEXP","TOT","USD_CAP","A","2000",1694.5716,
"ISR","HEALTHEXP","TOT","USD_CAP","A","2001",1803.6441,
"ISR","HEALTHEXP","TOT","USD_CAP","A","2002",1802.9913,
"ISR","HEALTHEXP","TOT","USD_CAP","A","2003",1689.7749,
"ISR","HEALTHEXP","TOT","USD_CAP","A","2004",1774.8252,
"ISR","HEALTHEXP","TOT","USD_CAP","A","2005",1768.9521,
"ISR","HEALTHEXP","TOT","USD_CAP","A","2006",1783.7368,
"ISR","HEALTHEXP","TOT","USD_CAP","A","2007",1899.5578,
"ISR","HEALTHEXP","TOT","USD_CAP","A","2008",1917.6632,
"ISR","HEALTHEXP","TOT","USD_CAP","A","2009",1942.783,
"ISR","HEALTHEXP","TOT","USD_CAP","A","2010",2025.5808,
"ISR","HEALTHEXP","TOT","USD_CAP","A","2011",2139.2641,
"ISR","HEALTHEXP","TOT","USD_CAP","A","2012",2273.3898,
"ISR","HEALTHEXP","TOT","USD_CAP","A","2013",2473.2848,
"ISR","HEALTHEXP","TOT","USD_CAP","A","2014",2547.401,
"ISR","HEALTHEXP","TOT","USD_CAP","A","2015",2532.5132,
"SVN","HEALTHEXP","TOT","USD_CAP","A","1995",970.6971,"D"
"SVN","HEALTHEXP","TOT","USD_CAP","A","1996",1055.5687,"D"
"SVN","HEALTHEXP","TOT","USD_CAP","A","1997",1149.7902,"D"
"SVN","HEALTHEXP","TOT","USD_CAP","A","1998",1224.4156,"D"
"SVN","HEALTHEXP","TOT","USD_CAP","A","1999",1303.4448,"D"
"SVN","HEALTHEXP","TOT","USD_CAP","A","2000",1451.1511,"D"
"SVN","HEALTHEXP","TOT","USD_CAP","A","2001",1581.6287,"D"
"SVN","HEALTHEXP","TOT","USD_CAP","A","2002",1609.4541,"B"
"SVN","HEALTHEXP","TOT","USD_CAP","A","2003",1692.7708,
"SVN","HEALTHEXP","TOT","USD_CAP","A","2004",1798.5475,
"SVN","HEALTHEXP","TOT","USD_CAP","A","2005",1902.6718,
"SVN","HEALTHEXP","TOT","USD_CAP","A","2006",2018.3504,
"SVN","HEALTHEXP","TOT","USD_CAP","A","2007",2074.3104,
"SVN","HEALTHEXP","TOT","USD_CAP","A","2008",2323.2728,
"SVN","HEALTHEXP","TOT","USD_CAP","A","2009",2355.0227,
"SVN","HEALTHEXP","TOT","USD_CAP","A","2010",2363.6692,
"SVN","HEALTHEXP","TOT","USD_CAP","A","2011",2435.0835,
"SVN","HEALTHEXP","TOT","USD_CAP","A","2012",2486.6141,
"SVN","HEALTHEXP","TOT","USD_CAP","A","2013",2548.6819,
"SVN","HEALTHEXP","TOT","USD_CAP","A","2014",2598.9066,
"SVN","HEALTHEXP","TOT","USD_CAP","A","2015",2643.8457,"P"
"LVA","HEALTHEXP","TOT","USD_CAP","A","1995",316.1527,"D"
"LVA","HEALTHEXP","TOT","USD_CAP","A","1996",357.0531,"D"
"LVA","HEALTHEXP","TOT","USD_CAP","A","1997",407.9162,"D"
"LVA","HEALTHEXP","TOT","USD_CAP","A","1998",443.0138,"D"
"LVA","HEALTHEXP","TOT","USD_CAP","A","1999",476.6602,"D"
"LVA","HEALTHEXP","TOT","USD_CAP","A","2000",480.353,"D"
"LVA","HEALTHEXP","TOT","USD_CAP","A","2001",548.44,"D"
"LVA","HEALTHEXP","TOT","USD_CAP","A","2002",622.1728,"D"
"LVA","HEALTHEXP","TOT","USD_CAP","A","2003",662.9195,"D"
"LVA","HEALTHEXP","TOT","USD_CAP","A","2004",780.0993,"B"
"LVA","HEALTHEXP","TOT","USD_CAP","A","2005",828.3765,
"LVA","HEALTHEXP","TOT","USD_CAP","A","2006",954.2433,
"LVA","HEALTHEXP","TOT","USD_CAP","A","2007",1099.1831,
"LVA","HEALTHEXP","TOT","USD_CAP","A","2008",1119.7091,
"LVA","HEALTHEXP","TOT","USD_CAP","A","2009",1049.1766,
"LVA","HEALTHEXP","TOT","USD_CAP","A","2010",1071.4247,
"LVA","HEALTHEXP","TOT","USD_CAP","A","2011",1086.9471,
"LVA","HEALTHEXP","TOT","USD_CAP","A","2012",1148.7918,
"LVA","HEALTHEXP","TOT","USD_CAP","A","2013",1219.4164,
"LVA","HEALTHEXP","TOT","USD_CAP","A","2014",1295.0128,
"LVA","HEALTHEXP","TOT","USD_CAP","A","2015",1369.933,"E"
